Unnamed: 0.1,Unnamed: 0,User_ID,Latitude,Longitude,Date,Time,hour,minute,day,month,weekday,is_weekend,previous_latitude,previous_longitude,distance,speed,Cluster,Anomaly,Anomaly_Label
35,35,USER_001,19.03220879547007,72.8556297838077,2026-09-15,2026-09-15 06:00:00,6,0,15,9,1,0,,,0.0,0.0,2,-1,Anomaly
43,43,USER_001,19.025147875125,72.84786464642366,2026-09-15,2026-09-15 06:00:00,6,0,15,9,1,0,19.03220879547007,72.8556297838077,0.0104954254183637,0.0104954254183637,2,1,Normal
416,416,USER_001,19.113094869550697,72.88895267510316,2026-09-15,2026-09-15 06:00:00,6,0,15,9,1,0,19.025147875125,72.84786464642366,0.0970716226776936,0.0970716226776936,0,1,Normal
71,71,USER_001,19.04944488920696,72.8585097728602,2026-09-15,2026-09-15 06:02:00,6,2,15,9,1,0,19.113094869550697,72.88895267510316,0.0705555830160311,0.0705555830160311,2,1,Normal
368,368,USER_001,19.028786649914483,72.85506269312093,2026-09-15,2026-09-15 06:12:00,6,12,15,9,1,0,19.04944488920696,72.8585097728602,0.0209438585125601,0.0209438585125601,2,1,Normal
244,244,USER_001,19.057772594744016,72.90365648132924,2026-09-15,2026-09-15 06:13:00,6,13,15,9,1,0,19.028786649914483,72.85506269312093,0.0565821637099057,0.0565821637099057,4,1,Normal
144,144,USER_001,19.022636697449727,72.85764633668781,2026-09-15,2026-09-15 06:17:00,6,17,15,9,1,0,19.057772594744016,72.90365648132924,0.0578918361135661,0.0578918361135661,2,1,Normal
196,196,USER_001,19.116799406650426,72.89109524788368,2026-09-15,2026-09-15 06:19:00,6,19,15,9,1,0,19.022636697449727,72.85764633668781,0.0999272008224236,0.0999272008224236,0,1,Normal
146,146,USER_001,19.026351182959,72.8236821867636,2026-09-15,2026-09-15 06:20:00,6,20,15,9,1,0,19.116799406650426,72.89109524788368,0.112806923451149,0.112806923451149,2,-1,Anomaly
211,211,USER_001,19.109966744529217,72.88241015441818,2026-09-15,2026-09-15 06:22:00,6,22,15,9,1,0,19.026351182959,72.8236821867636,0.1021789426522879,0.1021789426522879,0,1,Normal
65,65,USER_001,19.063439436551043,72.85500784076947,2026-09-15,2026-09-15 06:27:00,6,27,15,9,1,0,19.109966744529217,72.88241015441818,0.0539970108524349,0.0539970108524349,1,1,Normal
252,252,USER_001,19.05392712458962,72.87694435177636,2026-09-15,2026-09-15 06:27:00,6,27,15,9,1,0,19.063439436551043,72.85500784076947,0.0239101358006727,0.0239101358006727,1,1,Normal
458,458,USER_001,19.0279419368989,72.82856582495965,2026-09-15,2026-09-15 06:35:00,6,35,15,9,1,0,19.05392712458962,72.87694435177636,0.0549154972323544,0.0549154972323544,2,1,Normal
484,484,USER_001,19.077516335049665,72.8679354440138,2026-09-15,2026-09-15 06:35:00,6,35,15,9,1,0,19.0279419368989,72.82856582495965,0.0633055120544732,0.0633055120544732,1,1,Normal
217,217,USER_001,19.09885972112245,72.83516748797328,2026-09-15,2026-09-15 06:36:00,6,36,15,9,1,0,19.077516335049665,72.8679354440138,0.0391059979047355,0.0391059979047355,3,1,Normal
205,205,USER_001,19.040500181005324,72.85792285849638,2026-09-15,2026-09-15 06:39:00,6,39,15,9,1,0,19.09885972112245,72.83516748797328,0.0626389879414264,0.0626389879414264,2,1,Normal
419,419,USER_001,19.080495392269054,72.85181115536182,2026-09-15,2026-09-15 06:40:00,6,40,15,9,1,0,19.040500181005324,72.85792285849638,0.0404594839220101,0.0404594839220101,3,1,Normal
89,89,USER_001,19.060895294441423,72.8373294320071,2026-09-15,2026-09-15 06:46:00,6,46,15,9,1,0,19.080495392269054,72.85181115536182,0.0243697383280032,0.0243697383280032,2,1,Normal
54,54,USER_001,19.071663589127105,72.84608291748305,2026-09-15,2026-09-15 06:47:00,6,47,15,9,1,0,19.060895294441423,72.8373294320071,0.0138773080392186,0.0138773080392186,3,1,Normal
426,426,USER_001,19.089546720668988,72.85885581012704,2026-09-15,2026-09-15 06:48:00,6,48,15,9,1,0,19.071663589127105,72.84608291748305,0.0219761957635819,0.0219761957635819,3,1,Normal
70,70,USER_001,19.116665481904366,72.91636199770893,2026-09-15,2026-09-15 06:51:00,6,51,15,9,1,0,19.089546720668988,72.85885581012704,0.0635797831165328,0.0635797831165328,0,1,Normal
134,134,USER_001,19.04168091065865,72.84944939468394,2026-09-15,2026-09-15 06:52:00,6,52,15,9,1,0,19.116665481904366,72.91636199770893,0.1004986684910992,0.1004986684910992,2,1,Normal
472,472,USER_001,19.028912443211603,72.89552704204968,2026-09-15,2026-09-15 06:52:00,6,52,15,9,1,0,19.04168091065865,72.84944939468394,0.0478140496894717,0.0478140496894717,4,1,Normal
233,233,USER_001,19.03655205103673,72.83863208794942,2026-09-15,2026-09-15 06:53:00,6,53,15,9,1,0,19.028912443211603,72.89552704204968,0.0574055695015057,0.0574055695015057,2,1,Normal
404,404,USER_001,19.032297080852963,72.84311309124277,2026-09-15,2026-09-15 06:54:00,6,54,15,9,1,0,19.03655205103673,72.83863208794942,0.0061793334413791,0.0061793334413791,2,-1,Anomaly
413,413,USER_001,19.11633468328204,72.84553065247285,2026-09-15,2026-09-15 06:54:00,6,54,15,9,1,0,19.032297080852963,72.84311309124277,0.084072368970601,0.084072368970601,3,1,Normal
98,98,USER_001,19.04608936233417,72.82153045402904,2026-09-15,2026-09-15 06:55:00,6,55,15,9,1,0,19.11633468328204,72.84553065247285,0.0742321671542159,0.0742321671542159,2,1,Normal
277,277,USER_001,19.11368297393248,72.89325720972103,2026-09-15,2026-09-15 06:57:00,6,57,15,9,1,0,19.04608936233417,72.82153045402904,0.0985577181706281,0.0985577181706281,0,1,Normal
21,21,USER_001,19.090685734384763,72.8929007168041,2026-09-15,2026-09-15 06:58:00,6,58,15,9,1,0,19.11368297393248,72.89325720972103,0.0230000024785844,0.0230000024785844,0,1,Normal
257,257,USER_001,19.07830415609697,72.86214245505926,2026-09-15,2026-09-15 07:00:00,7,0,15,9,1,0,19.090685734384763,72.8929007168041,0.0331568114640339,0.0331568114640339,1,1,Normal
80,80,USER_001,19.10900053418176,72.85379951568515,2026-09-15,2026-09-15 07:01:00,7,1,15,9,1,0,19.07830415609697,72.86214245505926,0.031809939718968,0.031809939718968,3,1,Normal
487,487,USER_001,19.102520076741555,72.88663068858351,2026-09-15,2026-09-15 07:07:00,7,7,15,9,1,0,19.10900053418176,72.85379951568515,0.0334646416761928,0.0334646416761928,0,1,Normal
142,142,USER_001,19.061663905773848,72.87811626211808,2026-09-15,2026-09-15 07:09:00,7,9,15,9,1,0,19.102520076741555,72.88663068858351,0.0417339449869965,0.0417339449869965,1,1,Normal
317,317,USER_001,19.07929399348417,72.87800862078379,2026-09-15,2026-09-15 07:10:00,7,10,15,9,1,0,19.061663905773848,72.87811626211808,0.0176304163118893,0.0176304163118893,1,1,Normal
436,436,USER_001,19.02602673902896,72.91344360268056,2026-09-15,2026-09-15 07:13:00,7,13,15,9,1,0,19.07929399348417,72.87800862078379,0.0639768578411023,0.0639768578411023,4,1,Normal
473,473,USER_001,19.102606763025253,72.89820280876704,2026-09-15,2026-09-15 07:13:00,7,13,15,9,1,0,19.02602673902896,72.91344360268056,0.0780818921030169,0.0780818921030169,0,1,Normal
158,158,USER_001,19.08172637120973,72.91804627250924,2026-09-15,2026-09-15 07:17:00,7,17,15,9,1,0,19.102606763025253,72.89820280876704,0.0288054476732791,0.0288054476732791,0,1,Normal
422,422,USER_001,19.11256748308807,72.8638172346412,2026-09-15,2026-09-15 07:17:00,7,17,15,9,1,0,19.08172637120973,72.91804627250924,0.0623855971357634,0.0623855971357634,3,1,Normal
320,320,USER_001,19.0855241980639,72.87508573706091,2026-09-15,2026-09-15 07:23:00,7,23,15,9,1,0,19.11256748308807,72.8638172346412,0.0292970717253711,0.0292970717253711,1,1,Normal
359,359,USER_001,19.03608254690782,72.88515194668022,2026-09-15,2026-09-15 07:23:00,7,23,15,9,1,0,19.0855241980639,72.87508573706091,0.0504559753165014,0.0504559753165014,4,1,Normal
237,237,USER_001,19.0546345994366,72.85469532018963,2026-09-15,2026-09-15 07:26:00,7,26,15,9,1,0,19.03608254690782,72.88515194668022,0.0356620912204808,0.0356620912204808,2,1,Normal
42,42,USER_001,19.02368869473545,72.880956433398,2026-09-15,2026-09-15 07:27:00,7,27,15,9,1,0,19.0546345994366,72.85469532018963,0.0405868831608816,0.0405868831608816,4,1,Normal
344,344,USER_001,19.020102947984565,72.83589382832768,2026-09-15,2026-09-15 07:28:00,7,28,15,9,1,0,19.02368869473545,72.880956433398,0.0452050434739813,0.0452050434739813,2,1,Normal
23,23,USER_001,19.10631034258756,72.88232981268276,2026-09-15,2026-09-15 07:32:00,7,32,15,9,1,0,19.020102947984565,72.83589382832768,0.0979184126059071,0.0979184126059071,0,1,Normal
367,367,USER_001,19.02097708474192,72.8526461308244,2026-09-15,2026-09-15 07:32:00,7,32,15,9,1,0,19.10631034258756,72.88232981268276,0.0903486904344428,0.0903486904344428,2,1,Normal
394,394,USER_001,19.036352387258503,72.85910815366518,2026-09-15,2026-09-15 07:34:00,7,34,15,9,1,0,19.02097708474192,72.8526461308244,0.0166780594396125,0.0166780594396125,2,1,Normal
482,482,USER_001,19.052252797784643,72.82228938249762,2026-09-15,2026-09-15 07:34:00,7,34,15,9,1,0,19.036352387258503,72.85910815366518,0.0401054231393827,0.0401054231393827,2,1,Normal
385,385,USER_001,19.07786754085724,72.86386154191896,2026-09-15,2026-09-15 07:35:00,7,35,15,9,1,0,19.052252797784643,72.82228938249762,0.0488299037642846,0.0488299037642846,1,1,Normal
369,369,USER_001,19.027857849715502,72.85969232762017,2026-09-15,2026-09-15 07:37:00,7,37,15,9,1,0,19.07786754085724,72.86386154191896,0.0501831800104517,0.0501831800104517,2,1,Normal
393,393,USER_001,19.071481735392968,72.85592333693998,2026-09-15,2026-09-15 07:38:00,7,38,15,9,1,0,19.027857849715502,72.85969232762017,0.0437863984856933,0.0437863984856933,1,1,Normal
32,32,USER_001,19.02769799098288,72.84897514529138,2026-09-15,2026-09-15 07:41:00,7,41,15,9,1,0,19.071481735392968,72.85592333693998,0.0443316325184815,0.0443316325184815,2,1,Normal
176,176,USER_001,19.09599554089376,72.87312657539736,2026-09-15,2026-09-15 07:44:00,7,44,15,9,1,0,19.02769799098288,72.84897514529138,0.0724420244056835,0.0724420244056835,1,1,Normal
439,439,USER_001,19.02896263391549,72.89176357859087,2026-09-15,2026-09-15 07:48:00,7,48,15,9,1,0,19.09599554089376,72.87312657539736,0.0695754878243194,0.0695754878243194,4,1,Normal
418,418,USER_001,19.077718523671177,72.8548573667242,2026-09-15,2026-09-15 07:49:00,7,49,15,9,1,0,19.02896263391549,72.89176357859087,0.0611490413679212,0.0611490413679212,1,1,Normal
159,159,USER_001,19.059224404509973,72.86374749220238,2026-09-15,2026-09-15 07:51:00,7,51,15,9,1,0,19.077718523671177,72.8548573667242,0.020519911660787,0.020519911660787,1,1,Normal
260,260,USER_001,19.060941165219123,72.8752047180852,2026-09-15,2026-09-15 07:52:00,7,52,15,9,1,0,19.059224404509973,72.86374749220238,0.0115851323800156,0.0115851323800156,1,1,Normal
248,248,USER_001,19.04723018547203,72.9097430409819,2026-09-15,2026-09-15 07:59:00,7,59,15,9,1,0,19.060941165219123,72.8752047180852,0.0371602840966191,0.0371602840966191,4,1,Normal
460,460,USER_001,19.08171557833957,72.86424099364807,2026-09-15,2026-09-15 07:59:00,7,59,15,9,1,0,19.04723018547203,72.9097430409819,0.057093595374597,0.057093595374597,1,1,Normal
25,25,USER_001,19.07912977877077,72.847472179299,2026-09-15,2026-09-15 08:00:00,8,0,15,9,1,0,19.08171557833957,72.86424099364807,0.0169670119373848,0.0169670119373848,3,1,Normal
26,26,USER_001,19.05829268747538,72.91717120953892,2026-09-15,2026-09-15 08:00:00,8,0,15,9,1,0,19.07912977877077,72.847472179299,0.0727470905950014,0.0727470905950014,4,1,Normal
454,454,USER_001,19.06967668588592,72.9187785520215,2026-09-15,2026-09-15 08:06:00,8,6,15,9,1,0,19.05829268747538,72.91717120953892,0.0114969113098895,0.0114969113098895,4,1,Normal
499,499,USER_001,19.06047984290852,72.8854075795372,2026-09-15,2026-09-15 08:06:00,8,6,15,9,1,0,19.06967668588592,72.9187785520215,0.0346150794495448,0.0346150794495448,1,1,Normal
92,92,USER_001,19.08571113285001,72.86356728986779,2026-09-15,2026-09-15 08:11:00,8,11,15,9,1,0,19.06047984290852,72.8854075795372,0.0333708891843692,0.0333708891843692,1,1,Normal
468,468,USER_001,19.0547571524239,72.88649117244873,2026-09-15,2026-09-15 08:15:00,8,15,15,9,1,0,19.08571113285001,72.86356728986779,0.0385182203223989,0.0385182203223989,4,1,Normal
62,62,USER_001,19.056646878458285,72.89441705230566,2026-09-15,2026-09-15 08:16:00,8,16,15,9,1,0,19.0547571524239,72.88649117244873,0.0081480449183515,0.0081480449183515,4,1,Normal
56,56,USER_001,19.054920957461267,72.89259556788703,2026-09-15,2026-09-15 08:19:00,8,19,15,9,1,0,19.056646878458285,72.89441705230566,0.0025093044405271,0.0025093044405271,4,-1,Anomaly
207,207,USER_001,19.09952673118599,72.84016273200479,2026-09-15,2026-09-15 08:20:00,8,20,15,9,1,0,19.054920957461267,72.89259556788703,0.0688395041254319,0.0688395041254319,3,1,Normal
2,2,USER_001,19.10661761457749,72.88011150117433,2026-09-15,2026-09-15 08:21:00,8,21,15,9,1,0,19.09952673118599,72.84016273200479,0.0405732027997934,0.0405732027997934,0,1,Normal
104,104,USER_001,19.0577259083228,72.82389631323103,2026-09-15,2026-09-15 08:22:00,8,22,15,9,1,0,19.10661761457749,72.88011150117433,0.0745019885371846,0.0745019885371846,2,1,Normal
250,250,USER_001,19.060798449536485,72.87517225952594,2026-09-15,2026-09-15 08:23:00,8,23,15,9,1,0,19.0577259083228,72.82389631323103,0.0513679197354539,0.0513679197354539,1,1,Normal
167,167,USER_001,19.08965014662271,72.86116612143576,2026-09-15,2026-09-15 08:26:00,8,26,15,9,1,0,19.060798449536485,72.87517225952594,0.0320716748698363,0.0320716748698363,3,1,Normal
247,247,USER_001,19.05343628113105,72.8275503363804,2026-09-15,2026-09-15 08:31:00,8,31,15,9,1,0,19.08965014662271,72.86116612143576,0.0494111835391167,0.0494111835391167,2,1,Normal
315,315,USER_001,19.095823847570408,72.88960206180538,2026-09-15,2026-09-15 08:31:00,8,31,15,9,1,0,19.05343628113105,72.8275503363804,0.0751473380557693,0.0751473380557693,0,1,Normal
72,72,USER_001,19.036949274668608,72.87568012624584,2026-09-15,2026-09-15 08:39:00,8,39,15,9,1,0,19.095823847570408,72.88960206180538,0.0604982282723492,0.0604982282723492,4,1,Normal
112,112,USER_001,19.062899402737504,72.89508710677916,2026-09-15,2026-09-15 08:40:00,8,40,15,9,1,0,19.036949274668608,72.87568012624584,0.0324043213200446,0.0324043213200446,4,1,Normal
183,183,USER_001,19.07935924535541,72.88791023191445,2026-09-15,2026-09-15 08:40:00,8,40,15,9,1,0,19.062899402737504,72.89508710677916,0.0179564459687864,0.0179564459687864,1,1,Normal
376,376,USER_001,19.079747586263192,72.8983832553419,2026-09-15,2026-09-15 08:40:00,8,40,15,9,1,0,19.07935924535541,72.88791023191445,0.0104802208169771,0.0104802208169771,0,1,Normal
486,486,USER_001,19.10293324051413,72.85175314478768,2026-09-15,2026-09-15 08:40:00,8,40,15,9,1,0,19.079747586263192,72.8983832553419,0.0520763072168397,0.0520763072168397,3,1,Normal
58,58,USER_001,19.036162871409463,72.90985541885271,2026-09-15,2026-09-15 08:47:00,8,47,15,9,1,0,19.10293324051413,72.85175314478768,0.0885107702028512,0.0885107702028512,4,1,Normal
109,109,USER_001,19.06234709423081,72.876852028375,2026-09-15,2026-09-15 08:48:00,8,48,15,9,1,0,19.036162871409463,72.90985541885271,0.0421288180202405,0.0421288180202405,1,1,Normal
282,282,USER_001,19.063482733860376,72.84464020332392,2026-09-15,2026-09-15 08:49:00,8,49,15,9,1,0,19.06234709423081,72.876852028375,0.0322318375289017,0.0322318375289017,2,1,Normal
179,179,USER_001,19.03071720113397,72.86474123668235,2026-09-15,2026-09-15 08:50:00,8,50,15,9,1,0,19.063482733860376,72.84464020332392,0.0384399749859672,0.0384399749859672,2,1,Normal
190,190,USER_001,19.03733735952948,72.90967654246265,2026-09-15,2026-09-15 08:50:00,8,50,15,9,1,0,19.03071720113397,72.86474123668235,0.0454203500949811,0.0454203500949811,4,1,Normal
174,174,USER_001,19.10683011070356,72.82845170076807,2026-09-15,2026-09-15 08:51:00,8,51,15,9,1,0,19.03733735952948,72.90967654246265,0.1068958248672581,0.1068958248672581,3,-1,Anomaly
278,278,USER_001,19.023118313506128,72.84622640442998,2026-09-15,2026-09-15 08:51:00,8,51,15,9,1,0,19.10683011070356,72.82845170076807,0.0855780642471693,0.0855780642471693,2,1,Normal
341,341,USER_001,19.11688778552857,72.89496518317429,2026-09-15,2026-09-15 08:51:00,8,51,15,9,1,0,19.023118313506128,72.84622640442998,0.1056796216725529,0.1056796216725529,0,-1,Anomaly
324,324,USER_001,19.068058657732664,72.87924077846596,2026-09-15,2026-09-15 08:55:00,8,55,15,9,1,0,19.11688778552857,72.89496518317429,0.0512985440801235,0.0512985440801235,1,1,Normal
153,153,USER_001,19.069816518664588,72.8676210696789,2026-09-15,2026-09-15 08:58:00,8,58,15,9,1,0,19.068058657732664,72.87924077846596,0.0117519235596507,0.0117519235596507,1,1,Normal
246,246,USER_001,19.069701194882125,72.89653562810663,2026-09-15,2026-09-15 09:00:00,9,0,15,9,1,0,19.069816518664588,72.8676210696789,0.0289147884074113,0.0289147884074113,1,1,Normal
108,108,USER_001,19.023918632667566,72.86179460317156,2026-09-15,2026-09-15 09:09:00,9,9,15,9,1,0,19.069701194882125,72.89653562810663,0.0574715739863567,0.0574715739863567,2,1,Normal
222,222,USER_001,19.073986063711285,72.86863574819957,2026-09-15,2026-09-15 09:11:00,9,11,15,9,1,0,19.023918632667566,72.86179460317156,0.0505326519847483,0.0505326519847483,1,1,Normal
306,306,USER_001,19.03094675986792,72.85916301405403,2026-09-15,2026-09-15 09:11:00,9,11,15,9,1,0,19.073986063711285,72.86863574819957,0.0440694266755698,0.0440694266755698,2,1,Normal
31,31,USER_001,19.08044173792778,72.87398410913018,2026-09-15,2026-09-15 09:12:00,9,12,15,9,1,0,19.03094675986792,72.85916301405403,0.0516664079688368,0.0516664079688368,1,1,Normal
198,198,USER_001,19.07812382214226,72.83543627152743,2026-09-15,2026-09-15 09:12:00,9,12,15,9,1,0,19.08044173792778,72.87398410913018,0.0386174638918288,0.0386174638918288,3,1,Normal
476,476,USER_001,19.050552431065803,72.85969815170743,2026-09-15,2026-09-15 09:17:00,9,17,15,9,1,0,19.07812382214226,72.83543627152743,0.0367262907977363,0.0367262907977363,2,1,Normal
49,49,USER_001,19.02407751415548,72.87908929431883,2026-09-15,2026-09-15 09:18:00,9,18,15,9,1,0,19.050552431065803,72.85969815170743,0.0328167280085035,0.0328167280085035,4,1,Normal
218,218,USER_001,19.097857193905075,72.83431279855485,2026-09-15,2026-09-15 09:21:00,9,21,15,9,1,0,19.02407751415548,72.87908929431883,0.0863039727756194,0.0863039727756194,3,1,Normal
9,9,USER_001,19.08803075385877,72.86504992519696,2026-09-15,2026-09-15 09:24:00,9,24,15,9,1,0,19.097857193905075,72.83431279855485,0.0322696432920573,0.0322696432920573,1,1,Normal
137,137,USER_001,19.03067560659359,72.8535660064797,2026-09-15,2026-09-15 09:25:00,9,25,15,9,1,0,19.08803075385877,72.86504992519696,0.0584935321801925,0.0584935321801925,2,1,Normal
265,265,USER_001,19.033935607407283,72.90349302367993,2026-09-15,2026-09-15 09:25:00,9,25,15,9,1,0,19.03067560659359,72.8535660064797,0.0500333354056833,0.0500333354056833,4,1,Normal
97,97,USER_001,19.024805892419703,72.91491457315914,2026-09-15,2026-09-15 09:33:00,9,33,15,9,1,0,19.033935607407283,72.90349302367993,0.0146220206627013,0.0146220206627013,4,-1,Anomaly
223,223,USER_001,19.097188198059825,72.82122030723181,2026-09-15,2026-09-15 09:35:00,9,35,15,9,1,0,19.024805892419703,72.91491457315914,0.1183968480891298,0.1183968480891298,3,-1,Anomaly
166,166,USER_001,19.06003004889103,72.8897667573697,2026-09-15,2026-09-15 09:39:00,9,39,15,9,1,0,19.097188198059825,72.82122030723181,0.0779701473395837,0.0779701473395837,4,1,Normal
228,228,USER_001,19.10721239089441,72.91321182824836,2026-09-15,2026-09-15 09:47:00,9,47,15,9,1,0,19.06003004889103,72.8897667573697,0.0526862861229532,0.0526862861229532,0,1,Normal
338,338,USER_001,19.09536988340505,72.89888069818709,2026-09-15,2026-09-15 09:49:00,9,49,15,9,1,0,19.10721239089441,72.91321182824836,0.0185910266652733,0.0185910266652733,0,1,Normal
273,273,USER_001,19.03662833687561,72.89380336164264,2026-09-15,2026-09-15 09:50:00,9,50,15,9,1,0,19.09536988340505,72.89888069818709,0.0589605684763631,0.0589605684763631,4,1,Normal
254,254,USER_001,19.10556964681063,72.90302198645671,2026-09-15,2026-09-15 09:51:00,9,51,15,9,1,0,19.03662833687561,72.89380336164264,0.0695549226081022,0.0695549226081022,0,1,Normal
117,117,USER_001,19.06484455219784,72.8493210771698,2026-09-15,2026-09-15 09:52:00,9,52,15,9,1,0,19.10556964681063,72.90302198645671,0.0673967431665711,0.0673967431665711,1,1,Normal
45,45,USER_001,19.11856504541106,72.84420552715116,2026-09-15,2026-09-15 09:54:00,9,54,15,9,1,0,19.06484455219784,72.8493210771698,0.0539635084391743,0.0539635084391743,3,1,Normal
497,497,USER_001,19.101397026950604,72.8815219438231,2026-09-15,2026-09-15 09:59:00,9,59,15,9,1,0,19.11856504541106,72.84420552715116,0.0410762195326267,0.0410762195326267,0,1,Normal
302,302,USER_001,19.06177667821673,72.86213570022771,2026-09-15,2026-09-15 10:00:00,10,0,15,9,1,0,19.101397026950604,72.8815219438231,0.0441089387146595,0.0441089387146595,1,1,Normal
349,349,USER_001,19.10573600920925,72.91645204722703,2026-09-15,2026-09-15 10:02:00,10,2,15,9,1,0,19.06177667821673,72.86213570022771,0.0698762358220568,0.0698762358220568,0,1,Normal
383,383,USER_001,19.10404524062769,72.83741933365783,2026-09-15,2026-09-15 10:03:00,10,3,15,9,1,0,19.10573600920925,72.91645204722703,0.0790507970390316,0.0790507970390316,3,1,Normal
447,447,USER_001,19.09699447002517,72.87566370579367,2026-09-15,2026-09-15 10:03:00,10,3,15,9,1,0,19.10404524062769,72.83741933365783,0.0388888848664199,0.0388888848664199,0,1,Normal
312,312,USER_001,19.11572702629833,72.9026205695794,2026-09-15,2026-09-15 10:04:00,10,4,15,9,1,0,19.09699447002517,72.87566370579367,0.0328265314903876,0.0328265314903876,0,1,Normal
195,195,USER_001,19.06766194841264,72.90385825587026,2026-09-15,2026-09-15 10:05:00,10,5,15,9,1,0,19.11572702629833,72.9026205695794,0.0480810105916277,0.0480810105916277,4,1,Normal
201,201,USER_001,19.100987444585463,72.84546406547638,2026-09-15,2026-09-15 10:08:00,10,8,15,9,1,0,19.06766194841264,72.90385825587026,0.0672344418205588,0.0672344418205588,3,1,Normal
266,266,USER_001,19.07256901823027,72.83716792858483,2026-09-15,2026-09-15 10:10:00,10,10,15,9,1,0,19.100987444585463,72.84546406547638,0.029604608489708,0.029604608489708,3,1,Normal
111,111,USER_001,19.07805440123439,72.90671166072097,2026-09-15,2026-09-15 10:11:00,10,11,15,9,1,0,19.07256901823027,72.83716792858483,0.0697597312647134,0.0697597312647134,0,1,Normal
168,168,USER_001,19.086755773852104,72.83723198712016,2026-09-15,2026-09-15 10:17:00,10,17,15,9,1,0,19.07805440123439,72.90671166072097,0.0700224173326472,0.0700224173326472,3,1,Normal
491,491,USER_001,19.04160381825096,72.8819587954898,2026-09-15,2026-09-15 10:18:00,10,18,15,9,1,0,19.086755773852104,72.83723198712016,0.0635545944959257,0.0635545944959257,4,1,Normal
156,156,USER_001,19.068004596701847,72.86205357786652,2026-09-15,2026-09-15 10:20:00,10,20,15,9,1,0,19.04160381825096,72.8819587954898,0.0330638592944448,0.0330638592944448,1,1,Normal
232,232,USER_001,19.11106861982557,72.83228107818458,2026-09-15,2026-09-15 10:20:00,10,20,15,9,1,0,19.068004596701847,72.86205357786652,0.0523537183484767,0.0523537183484767,3,1,Normal
30,30,USER_001,19.05143559810764,72.87085706911647,2026-09-15,2026-09-15 10:22:00,10,22,15,9,1,0,19.11106861982557,72.83228107818458,0.0710225622995125,0.0710225622995125,1,1,Normal
96,96,USER_001,19.06734717707805,72.83732018699101,2026-09-15,2026-09-15 10:22:00,10,22,15,9,1,0,19.05143559810764,72.87085706911647,0.0371200863149404,0.0371200863149404,3,1,Normal
268,268,USER_001,19.069809075351102,72.82671753999158,2026-09-15,2026-09-15 10:24:00,10,24,15,9,1,0,19.06734717707805,72.83732018699101,0.0108847171070902,0.0108847171070902,3,1,Normal
304,304,USER_001,19.04872389916541,72.8496308120456,2026-09-15,2026-09-15 10:24:00,10,24,15,9,1,0,19.069809075351102,72.82671753999158,0.0311384439399842,0.0311384439399842,2,1,Normal
87,87,USER_001,19.024106751676783,72.85988209014448,2026-09-15,2026-09-15 10:25:00,10,25,15,9,1,0,19.04872389916541,72.8496308120456,0.0266663205774124,0.0266663205774124,2,1,Normal
180,180,USER_001,19.04424705036348,72.84692432309494,2026-09-15,2026-09-15 10:27:00,10,27,15,9,1,0,19.024106751676783,72.85988209014448,0.0239485982491588,0.0239485982491588,2,1,Normal
123,123,USER_001,19.102186005929035,72.89062422271566,2026-09-15,2026-09-15 10:28:00,10,28,15,9,1,0,19.04424705036348,72.84692432309494,0.0725713703803929,0.0725713703803929,0,1,Normal
380,380,USER_001,19.02208611392916,72.88532630192374,2026-09-15,2026-09-15 10:31:00,10,31,15,9,1,0,19.102186005929035,72.89062422271566,0.0802749068084737,0.0802749068084737,4,1,Normal
405,405,USER_001,19.042470117697267,72.83800104374728,2026-09-15,2026-09-15 10:32:00,10,32,15,9,1,0,19.02208611392916,72.88532630192374,0.0515285131852892,0.0515285131852892,2,1,Normal
163,163,USER_001,19.09689177413154,72.82662359778519,2026-09-15,2026-09-15 10:33:00,10,33,15,9,1,0,19.042470117697267,72.83800104374728,0.0555982280803117,0.0555982280803117,3,1,Normal
24,24,USER_001,19.026355835028603,72.85109823217157,2026-09-15,2026-09-15 10:34:00,10,34,15,9,1,0,19.09689177413154,72.82662359778519,0.0746614119440556,0.0746614119440556,2,1,Normal
119,119,USER_001,19.06944203047026,72.82575587600167,2026-09-15,2026-09-15 10:34:00,10,34,15,9,1,0,19.026355835028603,72.85109823217157,0.0499865507299585,0.0499865507299585,3,1,Normal
132,132,USER_001,19.024340078329818,72.91246433302237,2026-09-15,2026-09-15 10:35:00,10,35,15,9,1,0,19.06944203047026,72.82575587600167,0.0977371096656241,0.0977371096656241,4,1,Normal
259,259,USER_001,19.056305921219508,72.82342281108205,2026-09-15,2026-09-15 10:36:00,10,36,15,9,1,0,19.024340078329818,72.91246433302237,0.0946055375815614,0.0946055375815614,2,1,Normal
138,138,USER_001,19.05882683839899,72.8429394745705,2026-09-15,2026-09-15 10:40:00,10,40,15,9,1,0,19.056305921219508,72.82342281108205,0.0196788001958208,0.0196788001958208,2,1,Normal
307,307,USER_001,19.115641569755944,72.89979893221434,2026-09-15,2026-09-15 10:42:00,10,42,15,9,1,0,19.05882683839899,72.8429394745705,0.0803797961101818,0.0803797961101818,0,1,Normal
321,321,USER_001,19.04526490939609,72.82050821398181,2026-09-15,2026-09-15 10:47:00,10,47,15,9,1,0,19.115641569755944,72.89979893221434,0.1060183584160619,0.1060183584160619,2,-1,Anomaly
8,8,USER_001,19.11832308858068,72.8666762893248,2026-09-15,2026-09-15 10:50:00,10,50,15,9,1,0,19.04526490939609,72.82050821398181,0.0864233112455429,0.0864233112455429,3,1,Normal
498,498,USER_001,19.10480158852494,72.89243174696767,2026-09-15,2026-09-15 10:51:00,10,51,15,9,1,0,19.11832308858068,72.8666762893248,0.0290890797749129,0.0290890797749129,0,1,Normal
148,148,USER_001,19.11997176732861,72.9196636837074,2026-09-15,2026-09-15 10:52:00,10,52,15,9,1,0,19.10480158852494,72.89243174696767,0.0311723066764672,0.0311723066764672,0,1,Normal
203,203,USER_001,19.09942894499665,72.83066992501135,2026-09-15,2026-09-15 10:59:00,10,59,15,9,1,0,19.11997176732861,72.9196636837074,0.0913339840158801,0.0913339840158801,3,1,Normal
169,169,USER_001,19.0478590339032,72.83770104842768,2026-09-15,2026-09-15 11:00:00,11,0,15,9,1,0,19.09942894499665,72.83066992501135,0.0520470213046028,0.0520470213046028,2,1,Normal
3,3,USER_001,19.02564115790271,72.89219987722669,2026-09-15,2026-09-15 11:01:00,11,1,15,9,1,0,19.0478590339032,72.83770104842768,0.0588536859885357,0.0588536859885357,4,1,Normal
191,191,USER_001,19.021824248142835,72.88969614623664,2026-09-15,2026-09-15 11:01:00,11,1,15,9,1,0,19.02564115790271,72.89219987722669,0.0045648076613963,0.0045648076613963,4,-1,Anomaly
214,214,USER_001,19.0824237995914,72.83168980407085,2026-09-15,2026-09-15 11:02:00,11,2,15,9,1,0,19.021824248142835,72.88969614623664,0.0838870750904021,0.0838870750904021,3,1,Normal
412,412,USER_001,19.03883490837656,72.89308294748709,2026-09-15,2026-09-15 11:04:00,11,4,15,9,1,0,19.0824237995914,72.83168980407085,0.0752934890668907,0.0752934890668907,4,1,Normal
188,188,USER_001,19.080577481935688,72.84372267917361,2026-09-15,2026-09-15 11:05:00,11,5,15,9,1,0,19.03883490837656,72.89308294748709,0.0646442459567566,0.0646442459567566,3,1,Normal
136,136,USER_001,19.115870240740787,72.82578638977577,2026-09-15,2026-09-15 11:11:00,11,11,15,9,1,0,19.080577481935688,72.84372267917361,0.0395890048048429,0.0395890048048429,3,1,Normal
350,350,USER_001,19.05119519904952,72.85207427404382,2026-09-15,2026-09-15 11:14:00,11,14,15,9,1,0,19.115870240740787,72.82578638977577,0.0698134218976347,0.0698134218976347,2,1,Normal
48,48,USER_001,19.09983451249845,72.83507175439655,2026-09-15,2026-09-15 11:15:00,11,15,15,9,1,0,19.05119519904952,72.85207427404382,0.0515254159336816,0.0515254159336816,3,1,Normal
141,141,USER_001,19.03331851252237,72.82762003795992,2026-09-15,2026-09-15 11:17:00,11,17,15,9,1,0,19.09983451249845,72.83507175439655,0.0669321023924232,0.0669321023924232,2,1,Normal
471,471,USER_001,19.10420332943764,72.87209579772721,2026-09-15,2026-09-15 11:21:00,11,21,15,9,1,0,19.03331851252237,72.82762003795992,0.0836824382770339,0.0836824382770339,0,1,Normal
46,46,USER_001,19.09616196153287,72.84376375439925,2026-09-15,2026-09-15 11:23:00,11,23,15,9,1,0,19.10420332943764,72.87209579772721,0.0294511167346419,0.0294511167346419,3,1,Normal
427,427,USER_001,19.07456868884955,72.86444194527512,2026-09-15,2026-09-15 11:25:00,11,25,15,9,1,0,19.09616196153287,72.84376375439925,0.0298974414135261,0.0298974414135261,1,1,Normal
270,270,USER_001,19.03368856300688,72.91000186418482,2026-09-15,2026-09-15 11:26:00,11,26,15,9,1,0,19.07456868884955,72.86444194527512,0.0612118526101863,0.0612118526101863,4,1,Normal
33,33,USER_001,19.10081203795644,72.88334037565104,2026-09-15,2026-09-15 11:27:00,11,27,15,9,1,0,19.03368856300688,72.91000186418482,0.0722246208722553,0.0722246208722553,0,1,Normal
490,490,USER_001,19.070614186284025,72.8639511688633,2026-09-15,2026-09-15 11:31:00,11,31,15,9,1,0,19.10081203795644,72.88334037565104,0.0358866491259261,0.0358866491259261,1,1,Normal
283,283,USER_001,19.099941587896897,72.88946964708545,2026-09-15,2026-09-15 11:33:00,11,33,15,9,1,0,19.070614186284025,72.8639511688633,0.0388753034218018,0.0388753034218018,0,1,Normal
68,68,USER_001,19.114045858435293,72.91539285770027,2026-09-15,2026-09-15 11:34:00,11,34,15,9,1,0,19.099941587896897,72.88946964708545,0.0295117484402503,0.0295117484402503,0,1,Normal
386,386,USER_001,19.107342323808165,72.91007018640113,2026-09-15,2026-09-15 11:38:00,11,38,15,9,1,0,19.114045858435293,72.91539285770027,0.00855968493905,0.00855968493905,0,-1,Anomaly
459,459,USER_001,19.03918673247188,72.85233715621156,2026-09-15,2026-09-15 11:40:00,11,40,15,9,1,0,19.107342323808165,72.91007018640113,0.0893212595369559,0.0893212595369559,2,1,Normal
421,421,USER_001,19.09384492092513,72.90785155613014,2026-09-15,2026-09-15 11:45:00,11,45,15,9,1,0,19.03918673247188,72.85233715621156,0.0779061368783667,0.0779061368783667,0,1,Normal
432,432,USER_001,19.080790509279343,72.89648832615421,2026-09-15,2026-09-15 11:45:00,11,45,15,9,1,0,19.09384492092513,72.90785155613014,0.0173072429607796,0.0173072429607796,0,1,Normal
193,193,USER_001,19.11750671629452,72.86907487792588,2026-09-15,2026-09-15 11:50:00,11,50,15,9,1,0,19.080790509279343,72.89648832615421,0.0458211414234606,0.0458211414234606,0,1,Normal
186,186,USER_001,19.03275803027956,72.84837759057987,2026-09-15,2026-09-15 11:51:00,11,51,15,9,1,0,19.11750671629452,72.86907487792588,0.0872394262059641,0.0872394262059641,2,1,Normal
202,202,USER_001,19.096022785988968,72.87956387406079,2026-09-15,2026-09-15 11:54:00,11,54,15,9,1,0,19.03275803027956,72.84837759057987,0.0705337762516896,0.0705337762516896,0,1,Normal
130,130,USER_001,19.106859912818948,72.84235958385194,2026-09-15,2026-09-15 11:57:00,11,57,15,9,1,0,19.096022785988968,72.87956387406079,0.0387505164852451,0.0387505164852451,3,1,Normal
127,127,USER_001,19.090508436429666,72.84487241544304,2026-09-15,2026-09-15 12:02:00,12,2,15,9,1,0,19.106859912818948,72.84235958385194,0.0165434308024191,0.0165434308024191,3,1,Normal
177,177,USER_001,19.026234136251123,72.83477390919063,2026-09-15,2026-09-15 12:02:00,12,2,15,9,1,0,19.090508436429666,72.84487241544304,0.065062781157673,0.065062781157673,2,1,Normal
106,106,USER_001,19.054062456946426,72.8460694528236,2026-09-15,2026-09-15 12:03:00,12,3,15,9,1,0,19.026234136251123,72.83477390919063,0.0300333937257331,0.0300333937257331,2,1,Normal
329,329,USER_001,19.08186113782152,72.89527166395577,2026-09-15,2026-09-15 12:04:00,12,4,15,9,1,0,19.054062456946426,72.8460694528236,0.056512160095769,0.056512160095769,0,1,Normal
19,19,USER_001,19.049627350570407,72.83652669390631,2026-09-15,2026-09-15 12:08:00,12,8,15,9,1,0,19.08186113782152,72.89527166395577,0.0670073768077958,0.0670073768077958,2,1,Normal
264,264,USER_001,19.094168694422866,72.8898845853161,2026-09-15,2026-09-15 12:08:00,12,8,15,9,1,0,19.049627350570407,72.83652669390631,0.069505365892726,0.069505365892726,0,1,Normal
271,271,USER_001,19.07974131021703,72.88005168604337,2026-09-15,2026-09-15 12:09:00,12,9,15,9,1,0,19.094168694422866,72.8898845853161,0.0174595338749431,0.0174595338749431,1,1,Normal
336,336,USER_001,19.03284487180932,72.84833429482656,2026-09-15,2026-09-15 12:09:00,12,9,15,9,1,0,19.07974131021703,72.88005168604337,0.0566150937553645,0.0566150937553645,2,1,Normal
448,448,USER_001,19.047480603554813,72.90226143185137,2026-09-15,2026-09-15 12:09:00,12,9,15,9,1,0,19.03284487180932,72.84833429482656,0.0558779093329299,0.0558779093329299,4,1,Normal
290,290,USER_001,19.09055751725157,72.91252483174158,2026-09-15,2026-09-15 12:13:00,12,13,15,9,1,0,19.047480603554813,72.90226143185137,0.0442827039705566,0.0442827039705566,0,1,Normal
425,425,USER_001,19.052838122788508,72.88302087483292,2026-09-15,2026-09-15 12:14:00,12,14,15,9,1,0,19.09055751725157,72.91252483174158,0.0478877457386308,0.0478877457386308,4,1,Normal
51,51,USER_001,19.11405232644896,72.85975720210875,2026-09-15,2026-09-15 12:17:00,12,17,15,9,1,0,19.052838122788508,72.88302087483292,0.0654857022440817,0.0654857022440817,3,1,Normal
181,181,USER_001,19.02200711977777,72.85220791655833,2026-09-15,2026-09-15 12:21:00,12,21,15,9,1,0,19.11405232644896,72.85975720210875,0.0923542732279569,0.0923542732279569,2,1,Normal
125,125,USER_001,19.05706421470669,72.90127995672576,2026-09-15,2026-09-15 12:24:00,12,24,15,9,1,0,19.02200711977777,72.85220791655833,0.060308084292649,0.060308084292649,4,1,Normal
424,424,USER_001,19.057567225188173,72.84968692745603,2026-09-15,2026-09-15 12:24:00,12,24,15,9,1,0,19.05706421470669,72.90127995672576,0.0515954812824841,0.0515954812824841,2,1,Normal
152,152,USER_001,19.024689646779123,72.84686724820253,2026-09-15,2026-09-15 12:25:00,12,25,15,9,1,0,19.057567225188173,72.84968692745603,0.0329982689415043,0.0329982689415043,2,1,Normal
216,216,USER_001,19.08200727559285,72.87334610919764,2026-09-15,2026-09-15 12:26:00,12,26,15,9,1,0,19.024689646779123,72.84686724820253,0.0631382661499882,0.0631382661499882,1,1,Normal
249,249,USER_001,19.10007497714861,72.9178931435616,2026-09-15,2026-09-15 12:28:00,12,28,15,9,1,0,19.08200727559285,72.87334610919764,0.0480716143907361,0.0480716143907361,0,1,Normal
331,331,USER_001,19.10199469174081,72.8428625161525,2026-09-15,2026-09-15 12:30:00,12,30,15,9,1,0,19.10007497714861,72.9178931435616,0.0750551820564016,0.0750551820564016,3,1,Normal
408,408,USER_001,19.05231306570703,72.91730977480704,2026-09-15,2026-09-15 12:30:00,12,30,15,9,1,0,19.10199469174081,72.8428625161525,0.0895022809013103,0.0895022809013103,4,1,Normal
452,452,USER_001,19.022363858604635,72.88419715004433,2026-09-15,2026-09-15 12:31:00,12,31,15,9,1,0,19.05231306570703,72.91730977480704,0.0446475186851186,0.0446475186851186,4,1,Normal
292,292,USER_001,19.117105824516536,72.91442664891134,2026-09-15,2026-09-15 12:34:00,12,34,15,9,1,0,19.022363858604635,72.88419715004433,0.0994477888472269,0.0994477888472269,0,1,Normal
157,157,USER_001,19.083936135697424,72.90050446675194,2026-09-15,2026-09-15 12:37:00,12,37,15,9,1,0,19.117105824516536,72.91442664891134,0.0359729817006641,0.0359729817006641,0,1,Normal
275,275,USER_001,19.05556727164649,72.89190459051844,2026-09-15,2026-09-15 12:39:00,12,39,15,9,1,0,19.083936135697424,72.90050446675194,0.029643723092285,0.029643723092285,4,1,Normal
496,496,USER_001,19.026229179813008,72.87094221281498,2026-09-15,2026-09-15 12:39:00,12,39,15,9,1,0,19.05556727164649,72.89190459051844,0.0360575222583588,0.0360575222583588,2,1,Normal
455,455,USER_001,19.08951445540476,72.86043187681044,2026-09-15,2026-09-15 12:40:00,12,40,15,9,1,0,19.026229179813008,72.87094221281498,0.0641521104068484,0.0641521104068484,3,1,Normal
457,457,USER_001,19.08032194102134,72.85372271327554,2026-09-15,2026-09-15 12:44:00,12,44,15,9,1,0,19.08951445540476,72.86043187681044,0.0113804743322654,0.0113804743322654,3,1,Normal
299,299,USER_001,19.058396388991973,72.91325899094252,2026-09-15,2026-09-15 12:45:00,12,45,15,9,1,0,19.08032194102134,72.85372271327554,0.0634452377269722,0.0634452377269722,4,1,Normal
29,29,USER_001,19.03078914269933,72.82314291856868,2026-09-15,2026-09-15 12:48:00,12,48,15,9,1,0,19.058396388991973,72.91325899094252,0.0942500214745377,0.0942500214745377,2,1,Normal
50,50,USER_001,19.091114953243803,72.90095010461398,2026-09-15,2026-09-15 12:51:00,12,51,15,9,1,0,19.03078914269933,72.82314291856868,0.0984538552730994,0.0984538552730994,0,1,Normal
239,239,USER_001,19.03408570203798,72.83763869865062,2026-09-15,2026-09-15 12:51:00,12,51,15,9,1,0,19.091114953243803,72.90095010461398,0.0852095629501426,0.0852095629501426,2,1,Normal
309,309,USER_001,19.066740151124986,72.88134113892107,2026-09-15,2026-09-15 12:51:00,12,51,15,9,1,0,19.03408570203798,72.83763869865062,0.0545547095196017,0.0545547095196017,1,1,Normal
443,443,USER_001,19.111775248917137,72.86245274251964,2026-09-15,2026-09-15 12:53:00,12,53,15,9,1,0,19.066740151124986,72.88134113892107,0.0488357609930106,0.0488357609930106,3,1,Normal
13,13,USER_001,19.11093204020788,72.84587799816,2026-09-15,2026-09-15 13:03:00,13,3,15,9,1,0,19.111775248917137,72.86245274251964,0.0165961788226826,0.0165961788226826,3,1,Normal
102,102,USER_001,19.08259396701016,72.90204268437714,2026-09-15,2026-09-15 13:09:00,13,9,15,9,1,0,19.11093204020788,72.84587799816,0.0629088099587665,0.0629088099587665,0,1,Normal
206,206,USER_001,19.09215965507513,72.82480946439641,2026-09-15,2026-09-15 13:10:00,13,10,15,9,1,0,19.08259396701016,72.90204268437714,0.0778233426212703,0.0778233426212703,3,1,Normal
274,274,USER_001,19.04453491096813,72.8589295614042,2026-09-15,2026-09-15 13:10:00,13,10,15,9,1,0,19.09215965507513,72.82480946439641,0.0585858111753837,0.0585858111753837,2,1,Normal
363,363,USER_001,19.10601223971892,72.89798509888934,2026-09-15,2026-09-15 13:10:00,13,10,15,9,1,0,19.04453491096813,72.8589295614042,0.0728340370883386,0.0728340370883386,0,1,Normal
371,371,USER_001,19.024118349527928,72.88703854583545,2026-09-15,2026-09-15 13:10:00,13,10,15,9,1,0,19.10601223971892,72.89798509888934,0.0826222504799734,0.0826222504799734,4,1,Normal
395,395,USER_001,19.08567366645413,72.85251900642247,2026-09-15,2026-09-15 13:11:00,13,11,15,9,1,0,19.024118349527928,72.88703854583545,0.0705737603020398,0.0705737603020398,3,1,Normal
210,210,USER_001,19.088298206341715,72.8651948601299,2026-09-15,2026-09-15 13:13:00,13,13,15,9,1,0,19.08567366645413,72.85251900642247,0.0129447084491625,0.0129447084491625,1,1,Normal
438,438,USER_001,19.1129605877422,72.8732260213339,2026-09-15,2026-09-15 13:15:00,13,15,15,9,1,0,19.088298206341715,72.8651948601299,0.0259370894016211,0.0259370894016211,0,1,Normal
17,17,USER_001,19.02884925020519,72.83959828624192,2026-09-15,2026-09-15 13:20:00,13,20,15,9,1,0,19.1129605877422,72.8732260213339,0.0905844449653548,0.0905844449653548,2,1,Normal
464,464,USER_001,19.0562944271846,72.91954804907043,2026-09-15,2026-09-15 13:21:00,13,21,15,9,1,0,19.02884925020519,72.83959828624192,0.0845292985642571,0.0845292985642571,4,1,Normal
64,64,USER_001,19.117301055475245,72.85930977246669,2026-09-15,2026-09-15 13:26:00,13,26,15,9,1,0,19.0562944271846,72.91954804907043,0.0857348159360113,0.0857348159360113,3,1,Normal
286,286,USER_001,19.07419009473784,72.90729458358764,2026-09-15,2026-09-15 13:30:00,13,30,15,9,1,0,19.117301055475245,72.85930977246669,0.0645065658209749,0.0645065658209749,0,1,Normal
334,334,USER_001,19.05264335765033,72.87598443123089,2026-09-15,2026-09-15 13:30:00,13,30,15,9,1,0,19.07419009473784,72.90729458358764,0.0380077297364813,0.0380077297364813,1,1,Normal
151,151,USER_001,19.040722764900806,72.90782206674793,2026-09-15,2026-09-15 13:31:00,13,31,15,9,1,0,19.05264335765033,72.87598443123089,0.0339961110542894,0.0339961110542894,4,1,Normal
461,461,USER_001,19.100035650782235,72.84337120819104,2026-09-15,2026-09-15 13:37:00,13,37,15,9,1,0,19.040722764900806,72.90782206674793,0.087589563306952,0.087589563306952,3,1,Normal
213,213,USER_001,19.05914821102015,72.87318574796882,2026-09-15,2026-09-15 13:39:00,13,39,15,9,1,0,19.100035650782235,72.84337120819104,0.0506032559472072,0.0506032559472072,1,1,Normal
128,128,USER_001,19.04536821738732,72.86052020867815,2026-09-15,2026-09-15 13:40:00,13,40,15,9,1,0,19.05914821102015,72.87318574796882,0.0187164128519395,0.0187164128519395,2,1,Normal
229,229,USER_001,19.08966508238769,72.91224993811774,2026-09-15,2026-09-15 13:41:00,13,41,15,9,1,0,19.04536821738732,72.86052020867815,0.0681041640191971,0.0681041640191971,0,1,Normal
323,323,USER_001,19.109447993096808,72.9191475335145,2026-09-15,2026-09-15 13:44:00,13,44,15,9,1,0,19.08966508238769,72.91224993811774,0.0209509039991694,0.0209509039991694,0,1,Normal
429,429,USER_001,19.095934432792287,72.87004453091308,2026-09-15,2026-09-15 13:47:00,13,47,15,9,1,0,19.109447993096808,72.9191475335145,0.050928588990661,0.050928588990661,1,1,Normal
242,242,USER_001,19.11755413156828,72.8658988988017,2026-09-15,2026-09-15 13:48:00,13,48,15,9,1,0,19.095934432792287,72.87004453091308,0.022013578554327,0.022013578554327,3,1,Normal
411,411,USER_001,19.090468076273662,72.8401853452123,2026-09-15,2026-09-15 13:49:00,13,49,15,9,1,0,19.11755413156828,72.8658988988017,0.037347573276157,0.037347573276157,3,1,Normal
85,85,USER_001,19.073135463156817,72.87406351216102,2026-09-15,2026-09-15 13:51:00,13,51,15,9,1,0,19.090468076273662,72.8401853452123,0.0380545617930749,0.0380545617930749,1,1,Normal
251,251,USER_001,19.039611309969345,72.8705507879106,2026-09-15,2026-09-15 13:53:00,13,53,15,9,1,0,19.073135463156817,72.87406351216102,0.0337076857496401,0.0337076857496401,2,1,Normal
469,469,USER_001,19.0582526280244,72.83198290020177,2026-09-15,2026-09-15 13:53:00,13,53,15,9,1,0,19.039611309969345,72.8705507879106,0.0428366747209804,0.0428366747209804,2,1,Normal
398,398,USER_001,19.0719773948556,72.85370031764313,2026-09-15,2026-09-15 14:00:00,14,0,15,9,1,0,19.0582526280244,72.83198290020177,0.0256907657514021,0.0256907657514021,1,1,Normal
475,475,USER_001,19.058090952551098,72.8546321768589,2026-09-15,2026-09-15 14:00:00,14,0,15,9,1,0,19.0719773948556,72.85370031764313,0.0139176737091482,0.0139176737091482,2,1,Normal
318,318,USER_001,19.10774608626304,72.84656000425888,2026-09-15,2026-09-15 14:02:00,14,2,15,9,1,0,19.058090952551098,72.8546321768589,0.0503069803748508,0.0503069803748508,3,1,Normal
372,372,USER_001,19.03242199667281,72.9096221302685,2026-09-15,2026-09-15 14:05:00,14,5,15,9,1,0,19.10774608626304,72.84656000425888,0.0982372139743962,0.0982372139743962,4,1,Normal
280,280,USER_001,19.05342438908169,72.89709122037459,2026-09-15,2026-09-15 14:08:00,14,8,15,9,1,0,19.03242199667281,72.9096221302685,0.0244565776360056,0.0244565776360056,4,1,Normal
88,88,USER_001,19.116264841467792,72.90359801205122,2026-09-15,2026-09-15 14:11:00,14,11,15,9,1,0,19.05342438908169,72.89709122037459,0.0631764259357311,0.0631764259357311,0,1,Normal
319,319,USER_001,19.115565149822977,72.90621276172655,2026-09-15,2026-09-15 14:14:00,14,14,15,9,1,0,19.116264841467792,72.90359801205122,0.0027067479126191,0.0027067479126191,0,-1,Anomaly
231,231,USER_001,19.02773210654888,72.83042469660519,2026-09-15,2026-09-15 14:21:00,14,21,15,9,1,0,19.115565149822977,72.90621276172655,0.1160106646202363,0.1160106646202363,2,-1,Anomaly
493,493,USER_001,19.02577805609964,72.88950352288586,2026-09-15,2026-09-15 14:22:00,14,22,15,9,1,0,19.02773210654888,72.83042469660519,0.0591111328588748,0.0591111328588748,4,1,Normal
10,10,USER_001,19.116563203307457,72.90083973481165,2026-09-15,2026-09-15 14:25:00,14,25,15,9,1,0,19.02577805609964,72.88950352288586,0.0914901779120123,0.0914901779120123,0,1,Normal
171,171,USER_001,19.032874839829965,72.85300995133102,2026-09-15,2026-09-15 14:25:00,14,25,15,9,1,0,19.116563203307457,72.90083973481165,0.0963920659045413,0.0963920659045413,2,1,Normal
445,445,USER_001,19.115140334220666,72.88016118201463,2026-09-15,2026-09-15 14:25:00,14,25,15,9,1,0,19.032874839829965,72.85300995133102,0.0866302539242567,0.0866302539242567,0,1,Normal
22,22,USER_001,19.027404465173408,72.85584657285443,2026-09-15,2026-09-15 14:27:00,14,27,15,9,1,0,19.115140334220666,72.88016118201463,0.0910427533419921,0.0910427533419921,2,1,Normal
494,494,USER_001,19.043918010421592,72.83422493686872,2026-09-15,2026-09-15 14:27:00,14,27,15,9,1,0,19.027404465173408,72.85584657285443,0.0272064756880117,0.0272064756880117,2,1,Normal
235,235,USER_001,19.09442496518433,72.84055798083757,2026-09-15,2026-09-15 14:34:00,14,34,15,9,1,0,19.043918010421592,72.83422493686872,0.0509024550028456,0.0509024550028456,3,1,Normal
313,313,USER_001,19.082977792299616,72.84163240230366,2026-09-15,2026-09-15 14:34:00,14,34,15,9,1,0,19.09442496518433,72.84055798083757,0.0114974844439703,0.0114974844439703,3,1,Normal
60,60,USER_001,19.068561375358623,72.86484241429864,2026-09-15,2026-09-15 14:35:00,14,35,15,9,1,0,19.082977792299616,72.84163240230366,0.0273228427185657,0.0273228427185657,1,1,Normal
37,37,USER_001,19.050478125815804,72.8364655853143,2026-09-15,2026-09-15 14:36:00,14,36,15,9,1,0,19.068561375358623,72.86484241429864,0.0336488980092078,0.0336488980092078,2,1,Normal
345,345,USER_001,19.11443036349578,72.83021936196937,2026-09-15,2026-09-15 14:38:00,14,38,15,9,1,0,19.050478125815804,72.8364655853143,0.0642565483849785,0.0642565483849785,3,1,Normal
55,55,USER_001,19.11654193512888,72.87582934536071,2026-09-15,2026-09-15 14:40:00,14,40,15,9,1,0,19.11443036349578,72.83021936196937,0.0456588361625697,0.0456588361625697,0,1,Normal
75,75,USER_001,19.05225507642386,72.90486697949247,2026-09-15,2026-09-15 14:42:00,14,42,15,9,1,0,19.11654193512888,72.87582934536071,0.0705406577664857,0.0705406577664857,4,1,Normal
311,311,USER_001,19.043066981171776,72.83765280320056,2026-09-15,2026-09-15 14:48:00,14,48,15,9,1,0,19.05225507642386,72.90486697949247,0.0678392702567007,0.0678392702567007,2,1,Normal
373,373,USER_001,19.08166045818625,72.88129441748657,2026-09-15,2026-09-15 14:49:00,14,49,15,9,1,0,19.043066981171776,72.83765280320056,0.0582584497352625,0.0582584497352625,1,1,Normal
39,39,USER_001,19.05232029320208,72.87187906217434,2026-09-15,2026-09-15 14:51:00,14,51,15,9,1,0,19.08166045818625,72.88129441748657,0.0308138637134944,0.0308138637134944,1,1,Normal
230,230,USER_001,19.09712466685197,72.85744353697204,2026-09-15,2026-09-15 14:53:00,14,53,15,9,1,0,19.05232029320208,72.87187906217434,0.0470724578285981,0.0470724578285981,3,1,Normal
74,74,USER_001,19.055864678129616,72.84541636490698,2026-09-15,2026-09-15 15:01:00,15,1,15,9,1,0,19.09712466685197,72.85744353697204,0.042977197875748,0.042977197875748,2,1,Normal
258,258,USER_001,19.10174435617385,72.85418173516979,2026-09-15,2026-09-15 15:01:00,15,1,15,9,1,0,19.055864678129616,72.84541636490698,0.0467094912548469,0.0467094912548469,3,1,Normal
14,14,USER_001,19.05117110760894,72.87200680211778,2026-09-15,2026-09-15 15:03:00,15,3,15,9,1,0,19.10174435617385,72.85418173516979,0.0536226303169518,0.0536226303169518,1,1,Normal
199,199,USER_001,19.07325894325516,72.82518235368225,2026-09-15,2026-09-15 15:04:00,15,4,15,9,1,0,19.05117110760894,72.87200680211778,0.0517725936652386,0.0517725936652386,3,1,Normal
446,446,USER_001,19.04120448399082,72.8810980988851,2026-09-15,2026-09-15 15:07:00,15,7,15,9,1,0,19.07325894325516,72.82518235368225,0.0644519892658048,0.0644519892658048,4,1,Normal
122,122,USER_001,19.0284106806115,72.89009691314591,2026-09-15,2026-09-15 15:08:00,15,8,15,9,1,0,19.04120448399082,72.8810980988851,0.015641613184362,0.015641613184362,4,1,Normal
330,330,USER_001,19.108087075919894,72.90718435277452,2026-09-15,2026-09-15 15:09:00,15,9,15,9,1,0,19.0284106806115,72.89009691314591,0.0814880884694245,0.0814880884694245,0,1,Normal
478,478,USER_001,19.11921580148233,72.90514249577451,2026-09-15,2026-09-15 15:11:00,15,11,15,9,1,0,19.108087075919894,72.90718435277452,0.0113144912679494,0.0113144912679494,0,-1,Anomaly
406,406,USER_001,19.07072348086884,72.82415728590505,2026-09-15,2026-09-15 15:19:00,15,19,15,9,1,0,19.11921580148233,72.90514249577451,0.0943933757002222,0.0943933757002222,3,1,Normal
269,269,USER_001,19.06974648939799,72.89202025816323,2026-09-15,2026-09-15 15:21:00,15,21,15,9,1,0,19.07072348086884,72.82415728590505,0.0678700045384487,0.0678700045384487,1,1,Normal
209,209,USER_001,19.11078661304625,72.85161965822965,2026-09-15,2026-09-15 15:24:00,15,24,15,9,1,0,19.06974648939799,72.89202025816323,0.0575890634066707,0.0575890634066707,3,1,Normal
483,483,USER_001,19.05460997265378,72.917561020086,2026-09-15,2026-09-15 15:24:00,15,24,15,9,1,0,19.11078661304625,72.85161965822965,0.0866260822688798,0.0866260822688798,4,1,Normal
105,105,USER_001,19.027118864846024,72.85189756302938,2026-09-15,2026-09-15 15:25:00,15,25,15,9,1,0,19.05460997265378,72.917561020086,0.0711860281313938,0.0711860281313938,2,1,Normal
86,86,USER_001,19.03327454222429,72.91695368671142,2026-09-15,2026-09-15 15:29:00,15,29,15,9,1,0,19.027118864846024,72.85189756302938,0.0653467029965422,0.0653467029965422,4,1,Normal
301,301,USER_001,19.078075720722733,72.84716869710691,2026-09-15,2026-09-15 15:29:00,15,29,15,9,1,0,19.03327454222429,72.91695368671142,0.0829282241999154,0.0829282241999154,3,1,Normal
219,219,USER_001,19.09140640822236,72.86939814871309,2026-09-15,2026-09-15 15:32:00,15,32,15,9,1,0,19.078075720722733,72.84716869710691,0.0259201803219833,0.0259201803219833,1,1,Normal
449,449,USER_001,19.100952997576844,72.89666561352004,2026-09-15,2026-09-15 15:32:00,15,32,15,9,1,0,19.09140640822236,72.86939814871309,0.0288903444995321,0.0288903444995321,0,1,Normal
52,52,USER_001,19.103771010590734,72.88756901170393,2026-09-15,2026-09-15 15:34:00,15,34,15,9,1,0,19.100952997576844,72.89666561352004,0.0095230962374287,0.0095230962374287,0,1,Normal
314,314,USER_001,19.07972740724304,72.87250315008603,2026-09-15,2026-09-15 15:34:00,15,34,15,9,1,0,19.103771010590734,72.88756901170393,0.0283738444386876,0.0283738444386876,1,1,Normal
267,267,USER_001,19.102258387591167,72.87296616786551,2026-09-15,2026-09-15 15:35:00,15,35,15,9,1,0,19.07972740724304,72.87250315008603,0.0225357374166401,0.0225357374166401,0,1,Normal
328,328,USER_001,19.053400887874524,72.84386900313011,2026-09-15,2026-09-15 15:35:00,15,35,15,9,1,0,19.102258387591167,72.87296616786551,0.0568656335074272,0.0568656335074272,2,1,Normal
366,366,USER_001,19.08181557343181,72.89024649705442,2026-09-15,2026-09-15 15:39:00,15,39,15,9,1,0,19.053400887874524,72.84386900313011,0.0543899466631379,0.0543899466631379,1,1,Normal
442,442,USER_001,19.090904626172243,72.83068769230948,2026-09-15,2026-09-15 15:41:00,15,41,15,9,1,0,19.08181557343181,72.89024649705442,0.0602483369261262,0.0602483369261262,3,1,Normal
444,444,USER_001,19.075022654215623,72.82434125328548,2026-09-15,2026-09-15 15:46:00,15,46,15,9,1,0,19.090904626172243,72.83068769230948,0.0171030500647172,0.0171030500647172,3,1,Normal
381,381,USER_001,19.074247863571937,72.86932768467838,2026-09-15,2026-09-15 15:50:00,15,50,15,9,1,0,19.075022654215623,72.82434125328548,0.0449931029159984,0.0449931029159984,1,1,Normal
76,76,USER_001,19.090891099691014,72.87528199769079,2026-09-15,2026-09-15 15:54:00,15,54,15,9,1,0,19.074247863571937,72.86932768467838,0.017676287844598,0.017676287844598,1,1,Normal
28,28,USER_001,19.024043358953843,72.89106628896859,2026-09-15,2026-09-15 15:59:00,15,59,15,9,1,0,19.090891099691014,72.87528199769079,0.0686859832338903,0.0686859832338903,4,1,Normal
440,440,USER_001,19.117672523866258,72.90231740155957,2026-09-15,2026-09-15 16:06:00,16,6,15,9,1,0,19.024043358953843,72.89106628896859,0.0943027468143482,0.0943027468143482,0,1,Normal
0,0,USER_001,19.057454011884737,72.91507143064099,2026-09-15,2026-09-15 16:07:00,16,7,15,9,1,0,19.117672523866258,72.90231740155957,0.0615543210756022,0.0615543210756022,4,1,Normal
194,194,USER_001,19.102086147315337,72.89184572708366,2026-09-15,2026-09-15 16:07:00,16,7,15,9,1,0,19.057454011884737,72.91507143064099,0.0503136245844839,0.0503136245844839,0,1,Normal
204,204,USER_001,19.11650269106665,72.83242972234856,2026-09-15,2026-09-15 16:08:00,16,8,15,9,1,0,19.102086147315337,72.89184572708366,0.0611399897973064,0.0611399897973064,3,1,Normal
224,224,USER_001,19.091617907473296,72.87990293647773,2026-09-15,2026-09-15 16:09:00,16,9,15,9,1,0,19.11650269106665,72.83242972234856,0.0535999861403157,0.0535999861403157,1,1,Normal
1,1,USER_001,19.079865848419704,72.83560186404425,2026-09-15,2026-09-15 16:10:00,16,10,15,9,1,0,19.091617907473296,72.87990293647773,0.0458333493294555,0.0458333493294555,3,1,Normal
135,135,USER_001,19.08969250558638,72.85842018313792,2026-09-15,2026-09-15 16:11:00,16,11,15,9,1,0,19.079865848419704,72.83560186404425,0.0248442926510717,0.0248442926510717,3,1,Normal
477,477,USER_001,19.07156794276965,72.91193919732144,2026-09-15,2026-09-15 16:14:00,16,14,15,9,1,0,19.08969250558638,72.85842018313792,0.0565047312751205,0.0565047312751205,4,1,Normal
347,347,USER_001,19.10399471646725,72.89728227800168,2026-09-15,2026-09-15 16:26:00,16,26,15,9,1,0,19.07156794276965,72.91193919732144,0.0355854034174297,0.0355854034174297,0,1,Normal
107,107,USER_001,19.0892890358692,72.85483366044532,2026-09-15,2026-09-15 16:28:00,16,28,15,9,1,0,19.10399471646725,72.89728227800168,0.0449237373144525,0.0449237373144525,3,1,Normal
189,189,USER_001,19.04459577283845,72.83606813732597,2026-09-15,2026-09-15 16:29:00,16,29,15,9,1,0,19.0892890358692,72.85483366044532,0.0484730091729306,0.0484730091729306,2,1,Normal
342,342,USER_001,19.095826319592906,72.82245869164589,2026-09-15,2026-09-15 16:32:00,16,32,15,9,1,0,19.04459577283845,72.83606813732597,0.0530074139388022,0.0530074139388022,3,1,Normal
407,407,USER_001,19.118663012295887,72.91651186964361,2026-09-15,2026-09-15 16:33:00,16,33,15,9,1,0,19.095826319592906,72.82245869164589,0.0967859226596594,0.0967859226596594,0,1,Normal
101,101,USER_001,19.077336704167195,72.83285003532339,2026-09-15,2026-09-15 16:36:00,16,36,15,9,1,0,19.118663012295887,72.91651186964361,0.0933121978380764,0.0933121978380764,3,1,Normal
400,400,USER_001,19.04525277820754,72.85592507479163,2026-09-15,2026-09-15 16:36:00,16,36,15,9,1,0,19.077336704167195,72.83285003532339,0.0395200677054751,0.0395200677054751,2,1,Normal
236,236,USER_001,19.059816869359096,72.8737395602938,2026-09-15,2026-09-15 16:37:00,16,37,15,9,1,0,19.04525277820754,72.85592507479163,0.0230101856745636,0.0230101856745636,1,1,Normal
281,281,USER_001,19.055154016113423,72.86127935506067,2026-09-15,2026-09-15 16:39:00,16,39,15,9,1,0,19.059816869359096,72.8737395602938,0.0133040939128634,0.0133040939128634,1,1,Normal
164,164,USER_001,19.08208056844221,72.85474134082254,2026-09-15,2026-09-15 16:42:00,16,42,15,9,1,0,19.055154016113423,72.86127935506067,0.0277089308796424,0.0277089308796424,3,1,Normal
47,47,USER_001,19.067030063444605,72.91834231408949,2026-09-15,2026-09-15 16:47:00,16,47,15,9,1,0,19.08208056844221,72.85474134082254,0.0653574900159526,0.0653574900159526,4,1,Normal
57,57,USER_001,19.10870864242652,72.89798755458577,2026-09-15,2026-09-15 16:48:00,16,48,15,9,1,0,19.067030063444605,72.91834231408949,0.0463834041485313,0.0463834041485313,0,1,Normal
492,492,USER_001,19.039178245559185,72.84117553506655,2026-09-15,2026-09-15 16:49:00,16,49,15,9,1,0,19.10870864242652,72.89798755458577,0.0897890953868047,0.0897890953868047,2,1,Normal
20,20,USER_001,19.097224476929664,72.83987156815343,2026-09-15,2026-09-15 16:50:00,16,50,15,9,1,0,19.039178245559185,72.84117553506655,0.0580608758634051,0.0580608758634051,3,1,Normal
435,435,USER_001,19.109803054895,72.84434822965764,2026-09-15,2026-09-15 16:50:00,16,50,15,9,1,0,19.097224476929664,72.83987156815343,0.0133514464330024,0.0133514464330024,3,1,Normal
346,346,USER_001,19.072702409621183,72.90259207657999,2026-09-15,2026-09-15 16:51:00,16,51,15,9,1,0,19.109803054895,72.84434822965764,0.0690565245581325,0.0690565245581325,0,1,Normal
34,34,USER_001,19.10036720768991,72.8386570058886,2026-09-15,2026-09-15 16:57:00,16,57,15,9,1,0,19.072702409621183,72.90259207657999,0.0696637231024582,0.0696637231024582,3,1,Normal
343,343,USER_001,19.052361021914955,72.86886431904047,2026-09-15,2026-09-15 16:57:00,16,57,15,9,1,0,19.10036720768991,72.8386570058886,0.056719270451181,0.056719270451181,1,1,Normal
82,82,USER_001,19.023883473442943,72.85032655146733,2026-09-15,2026-09-15 16:59:00,16,59,15,9,1,0,19.052361021914955,72.86886431904047,0.0339796938416368,0.0339796938416368,2,1,Normal
399,399,USER_001,19.06494338352137,72.87878843711104,2026-09-15,2026-09-15 17:00:00,17,0,15,9,1,0,19.023883473442943,72.85032655146733,0.0499599354487578,0.0499599354487578,1,1,Normal
470,470,USER_001,19.11924835021584,72.91270009679243,2026-09-15,2026-09-15 17:00:00,17,0,15,9,1,0,19.06494338352137,72.87878843711104,0.0640236680457641,0.0640236680457641,0,1,Normal
297,297,USER_001,19.072016810987872,72.8626817056655,2026-09-15,2026-09-15 17:01:00,17,1,15,9,1,0,19.11924835021584,72.91270009679243,0.0687943147997765,0.0687943147997765,1,1,Normal
463,463,USER_001,19.05330019130582,72.88694869551982,2026-09-15,2026-09-15 17:01:00,17,1,15,9,1,0,19.072016810987872,72.8626817056655,0.0306463480518077,0.0306463480518077,4,1,Normal
387,387,USER_001,19.047682779723505,72.87923503285934,2026-09-15,2026-09-15 17:02:00,17,2,15,9,1,0,19.05330019130582,72.88694869551982,0.0095423217575584,0.0095423217575584,4,1,Normal
154,154,USER_001,19.050777723977102,72.90163857352131,2026-09-15,2026-09-15 17:04:00,17,4,15,9,1,0,19.047682779723505,72.87923503285934,0.0226163063767136,0.0226163063767136,4,1,Normal
430,430,USER_001,19.10471673613726,72.91142365159516,2026-09-15,2026-09-15 17:04:00,17,4,15,9,1,0,19.050777723977102,72.90163857352131,0.0548193833030329,0.0548193833030329,0,1,Normal
115,115,USER_001,19.02108376514803,72.91053819764193,2026-09-15,2026-09-15 17:08:00,17,8,15,9,1,0,19.10471673613726,72.91142365159516,0.0836376581761373,0.0836376581761373,4,1,Normal
288,288,USER_001,19.118057680018,72.9103363812636,2026-09-15,2026-09-15 17:14:00,17,14,15,9,1,0,19.02108376514803,72.91053819764193,0.0969741248739001,0.0969741248739001,0,1,Normal
352,352,USER_001,19.091492404020222,72.87627502863434,2026-09-15,2026-09-15 17:15:00,17,15,15,9,1,0,19.118057680018,72.9103363812636,0.0431959446218433,0.0431959446218433,1,1,Normal
379,379,USER_001,19.094427906559496,72.90718327789732,2026-09-15,2026-09-15 17:17:00,17,17,15,9,1,0,19.091492404020222,72.87627502863434,0.0310473355968025,0.0310473355968025,0,1,Normal
339,339,USER_001,19.114729788825635,72.83663775869323,2026-09-15,2026-09-15 17:21:00,17,21,15,9,1,0,19.094427906559496,72.90718327789732,0.0734086963739489,0.0734086963739489,3,1,Normal
377,377,USER_001,19.03639994809895,72.86386072164896,2026-09-15,2026-09-15 17:22:00,17,22,15,9,1,0,19.114729788825635,72.83663775869323,0.0829255911064673,0.0829255911064673,2,1,Normal
261,261,USER_001,19.049446575954192,72.91484533069622,2026-09-15,2026-09-15 17:23:00,17,23,15,9,1,0,19.03639994809895,72.86386072164896,0.0526274154609111,0.0526274154609111,4,1,Normal
44,44,USER_001,19.04395618906669,72.83448948720913,2026-09-15,2026-09-15 17:25:00,17,25,15,9,1,0,19.049446575954192,72.91484533069622,0.0805431929507231,0.0805431929507231,2,1,Normal
415,415,USER_001,19.10689049844787,72.87706097466389,2026-09-15,2026-09-15 17:26:00,17,26,15,9,1,0,19.04395618906669,72.83448948720913,0.0759806478084871,0.0759806478084871,0,1,Normal
103,103,USER_001,19.04066843598768,72.84739611273211,2026-09-15,2026-09-15 17:30:00,17,30,15,9,1,0,19.10689049844787,72.87706097466389,0.0725628389047241,0.0725628389047241,2,1,Normal
15,15,USER_001,19.03848544555256,72.91695846277646,2026-09-15,2026-09-15 17:33:00,17,33,15,9,1,0,19.04066843598768,72.84739611273211,0.0695965946791403,0.0695965946791403,4,1,Normal
431,431,USER_001,19.05988227808969,72.87801723692274,2026-09-15,2026-09-15 17:35:00,17,35,15,9,1,0,19.03848544555256,72.91695846277646,0.0444324601345956,0.0444324601345956,1,1,Normal
409,409,USER_001,19.04542245798975,72.87217300466362,2026-09-15,2026-09-15 17:37:00,17,37,15,9,1,0,19.05988227808969,72.87801723692274,0.0155961997942191,0.0155961997942191,1,1,Normal
40,40,USER_001,19.05636296023793,72.9171782082721,2026-09-15,2026-09-15 17:38:00,17,38,15,9,1,0,19.04542245798975,72.87217300466362,0.0463159037619195,0.0463159037619195,4,1,Normal
295,295,USER_001,19.108499835652328,72.8730265132635,2026-09-15,2026-09-15 17:38:00,17,38,15,9,1,0,19.05636296023793,72.9171782082721,0.0683200259814763,0.0683200259814763,0,1,Normal
83,83,USER_001,19.052665124179605,72.90278690037876,2026-09-15,2026-09-15 17:43:00,17,43,15,9,1,0,19.108499835652328,72.8730265132635,0.0632708119632774,0.0632708119632774,4,1,Normal
100,100,USER_001,19.11442515971252,72.9067198933555,2026-09-15,2026-09-15 17:49:00,17,49,15,9,1,0,19.052665124179605,72.90278690037876,0.0618851389493652,0.0618851389493652,0,1,Normal
355,355,USER_001,19.0961023990943,72.88262203216314,2026-09-15,2026-09-15 17:52:00,17,52,15,9,1,0,19.11442515971252,72.9067198933555,0.0302726026419747,0.0302726026419747,0,1,Normal
126,126,USER_001,19.079188873882128,72.85502182467003,2026-09-15,2026-09-15 17:53:00,17,53,15,9,1,0,19.0961023990943,72.88262203216314,0.0323703381008817,0.0323703381008817,1,1,Normal
7,7,USER_001,19.065606998421703,72.8985175961393,2026-09-15,2026-09-15 17:54:00,17,54,15,9,1,0,19.079188873882128,72.85502182467003,0.0455669779196426,0.0455669779196426,4,1,Normal
300,300,USER_001,19.05507118154517,72.89671882889311,2026-09-15,2026-09-15 17:56:00,17,56,15,9,1,0,19.065606998421703,72.8985175961393,0.0106882646328484,0.0106882646328484,4,1,Normal
4,4,USER_001,19.03818249672071,72.83834045098534,2026-09-15,2026-09-15 17:57:00,17,57,15,9,1,0,19.05507118154517,72.89671882889311,0.0607722196586773,0.0607722196586773,2,1,Normal
462,462,USER_001,19.079281199165344,72.88801319311035,2026-09-15,2026-09-15 17:57:00,17,57,15,9,1,0,19.03818249672071,72.83834045098534,0.0644708046549001,0.0644708046549001,1,1,Normal
238,238,USER_001,19.06522179408898,72.842460482294,2026-09-15,2026-09-15 17:58:00,17,58,15,9,1,0,19.079281199165344,72.88801319311035,0.0476730147339087,0.0476730147339087,2,1,Normal
474,474,USER_001,19.03176490284736,72.84273573000961,2026-09-15,2026-09-15 18:01:00,18,1,15,9,1,0,19.06522179408898,72.842460482294,0.033458023445185,0.033458023445185,2,1,Normal
143,143,USER_001,19.1132728483354,72.90660638895004,2026-09-15,2026-09-15 18:04:00,18,4,15,9,1,0,19.03176490284736,72.84273573000961,0.1035519495285619,0.1035519495285619,0,1,Normal
187,187,USER_001,19.08459172413316,72.8770778304669,2026-09-15,2026-09-15 18:05:00,18,5,15,9,1,0,19.1132728483354,72.90660638895004,0.0411648229875499,0.0411648229875499,1,1,Normal
423,423,USER_001,19.107789115904133,72.85171957167654,2026-09-15,2026-09-15 18:10:00,18,10,15,9,1,0,19.08459172413316,72.8770778304669,0.0343680123640436,0.0343680123640436,3,1,Normal
150,150,USER_001,19.06505441353101,72.83291594151515,2026-09-15,2026-09-15 18:12:00,18,12,15,9,1,0,19.107789115904133,72.85171957167654,0.046688663443771,0.046688663443771,2,1,Normal
298,298,USER_001,19.02244007815565,72.9070098873901,2026-09-15,2026-09-15 18:12:00,18,12,15,9,1,0,19.06505441353101,72.83291594151515,0.0854745248293515,0.0854745248293515,4,1,Normal
296,296,USER_001,19.051529033783066,72.87394912923754,2026-09-15,2026-09-15 18:17:00,18,17,15,9,1,0,19.02244007815565,72.9070098873901,0.0440361336758313,0.0440361336758313,1,1,Normal
78,78,USER_001,19.071134239886096,72.87015162946872,2026-09-15,2026-09-15 18:19:00,18,19,15,9,1,0,19.051529033783066,72.87394912923754,0.0199696046740162,0.0199696046740162,1,1,Normal
433,433,USER_001,19.09181230762265,72.9155523695955,2026-09-15,2026-09-15 18:20:00,18,20,15,9,1,0,19.071134239886096,72.87015162946872,0.0498879713896742,0.0498879713896742,0,1,Normal
362,362,USER_001,19.08000205481193,72.84916625787093,2026-09-15,2026-09-15 18:24:00,18,24,15,9,1,0,19.09181230762265,72.9155523695955,0.067428465067507,0.067428465067507,3,1,Normal
332,332,USER_001,19.02011201114801,72.87561817350398,2026-09-15,2026-09-15 18:28:00,18,28,15,9,1,0,19.08000205481193,72.84916625787093,0.065471529466815,0.065471529466815,4,1,Normal
465,465,USER_001,19.07622968158779,72.91576252845054,2026-09-15,2026-09-15 18:28:00,18,28,15,9,1,0,19.02011201114801,72.87561817350398,0.0689982765702392,0.0689982765702392,0,1,Normal
420,420,USER_001,19.119333693735864,72.89524277626157,2026-09-15,2026-09-15 18:30:00,18,30,15,9,1,0,19.07622968158779,72.91576252845054,0.0477390416028458,0.0477390416028458,0,1,Normal
441,441,USER_001,19.0881117853965,72.83814383476957,2026-09-15,2026-09-15 18:30:00,18,30,15,9,1,0,19.119333693735864,72.89524277626157,0.0650776204225279,0.0650776204225279,3,1,Normal
489,489,USER_001,19.02799653943593,72.89767236304718,2026-09-15,2026-09-15 18:30:00,18,30,15,9,1,0,19.0881117853965,72.83814383476957,0.084601941324051,0.084601941324051,4,1,Normal
84,84,USER_001,19.0822890475819,72.82853474649939,2026-09-15,2026-09-15 18:31:00,18,31,15,9,1,0,19.02799653943593,72.89767236304718,0.0879072605800552,0.0879072605800552,3,1,Normal
294,294,USER_001,19.079626987848204,72.84300088372878,2026-09-15,2026-09-15 18:33:00,18,33,15,9,1,0,19.0822890475819,72.82853474649939,0.0147090342431218,0.0147090342431218,3,1,Normal
335,335,USER_001,19.05766953619868,72.82090724046527,2026-09-15,2026-09-15 18:34:00,18,34,15,9,1,0,19.079626987848204,72.84300088372878,0.0311489767985416,0.0311489767985416,2,1,Normal
479,479,USER_001,19.1130595214644,72.83163663978856,2026-09-15,2026-09-15 18:34:00,18,34,15,9,1,0,19.05766953619868,72.82090724046527,0.0564195930291513,0.0564195930291513,3,1,Normal
200,200,USER_001,19.02633749704728,72.918996023239,2026-09-15,2026-09-15 18:39:00,18,39,15,9,1,0,19.1130595214644,72.83163663978856,0.1230949690111095,0.1230949690111095,4,-1,Anomaly
226,226,USER_001,19.11472833396118,72.83533514031161,2026-09-15,2026-09-15 18:39:00,18,39,15,9,1,0,19.02633749704728,72.918996023239,0.1217049028697303,0.1217049028697303,3,-1,Anomaly
18,18,USER_001,19.05886772896895,72.84713490317739,2026-09-15,2026-09-15 18:40:00,18,40,15,9,1,0,19.11472833396118,72.83533514031161,0.0570932710026925,0.0570932710026925,2,1,Normal
36,36,USER_001,19.0427935162542,72.86271077886263,2026-09-15,2026-09-15 18:40:00,18,40,15,9,1,0,19.05886772896895,72.84713490317739,0.0223827660882462,0.0223827660882462,2,1,Normal
391,391,USER_001,19.03809769527095,72.90543850933696,2026-09-15,2026-09-15 18:40:00,18,40,15,9,1,0,19.0427935162542,72.86271077886263,0.0429849937326197,0.0429849937326197,4,1,Normal
279,279,USER_001,19.025142581348423,72.86963662472013,2026-09-15,2026-09-15 18:42:00,18,42,15,9,1,0,19.03809769527095,72.90543850933696,0.0380737431685208,0.0380737431685208,2,1,Normal
325,325,USER_001,19.086211201010656,72.87437789079975,2026-09-15,2026-09-15 18:44:00,18,44,15,9,1,0,19.025142581348423,72.86963662472013,0.0612523951489919,0.0612523951489919,1,1,Normal
310,310,USER_001,19.02649864094829,72.86015802364255,2026-09-15,2026-09-15 18:45:00,18,45,15,9,1,0,19.086211201010656,72.87437789079975,0.0613823627043622,0.0613823627043622,2,1,Normal
333,333,USER_001,19.04586883306979,72.83931328645873,2026-09-15,2026-09-15 18:45:00,18,45,15,9,1,0,19.02649864094829,72.86015802364255,0.0284553582139885,0.0284553582139885,2,1,Normal
410,410,USER_001,19.033965125475632,72.82299735898727,2026-09-15,2026-09-15 18:51:00,18,51,15,9,1,0,19.04586883306979,72.83931328645873,0.0201967260649192,0.0201967260649192,2,1,Normal
118,118,USER_001,19.099157904372586,72.89896181427946,2026-09-15,2026-09-15 18:52:00,18,52,15,9,1,0,19.033965125475632,72.82299735898727,0.1001034309509262,0.1001034309509262,0,1,Normal
453,453,USER_001,19.0837960793316,72.84568838476457,2026-09-15,2026-09-15 18:56:00,18,56,15,9,1,0,19.099157904372586,72.89896181427946,0.0554440615473621,0.0554440615473621,3,1,Normal
77,77,USER_001,19.06197808564463,72.84562069435945,2026-09-15,2026-09-15 18:59:00,18,59,15,9,1,0,19.0837960793316,72.84568838476457,0.0218180986915814,0.0218180986915814,2,1,Normal
272,272,USER_001,19.11144119459249,72.8618770524892,2026-09-15,2026-09-15 19:01:00,19,1,15,9,1,0,19.06197808564463,72.84562069435945,0.052065999716041,0.052065999716041,3,1,Normal
390,390,USER_001,19.037968310887024,72.8437543324924,2026-09-15,2026-09-15 19:01:00,19,1,15,9,1,0,19.11144119459249,72.8618770524892,0.0756749471098582,0.0756749471098582,2,1,Normal
403,403,USER_001,19.075814024959385,72.87399058395023,2026-09-15,2026-09-15 19:01:00,19,1,15,9,1,0,19.037968310887024,72.8437543324924,0.0484409844642779,0.0484409844642779,1,1,Normal
480,480,USER_001,19.087430380640907,72.87324811925595,2026-09-15,2026-09-15 19:05:00,19,5,15,9,1,0,19.075814024959385,72.87399058395023,0.0116400589836081,0.0116400589836081,1,1,Normal
481,481,USER_001,19.03412780492755,72.84119824909023,2026-09-15,2026-09-15 19:08:00,19,8,15,9,1,0,19.087430380640907,72.87324811925595,0.062196131353306,0.062196131353306,2,1,Normal
428,428,USER_001,19.078706170770115,72.83684443851428,2026-09-15,2026-09-15 19:09:00,19,9,15,9,1,0,19.03412780492755,72.84119824909023,0.0447904718408367,0.0447904718408367,3,1,Normal
356,356,USER_001,19.11118360349599,72.91675112636138,2026-09-15,2026-09-15 19:14:00,19,14,15,9,1,0,19.078706170770115,72.83684443851428,0.0862546369719196,0.0862546369719196,0,1,Normal
397,397,USER_001,19.043605046334648,72.827349674733,2026-09-15,2026-09-15 19:15:00,19,15,15,9,1,0,19.11118360349599,72.91675112636138,0.1120690900349864,0.1120690900349864,2,-1,Anomaly
59,59,USER_001,19.030147154286603,72.88635017691081,2026-09-15,2026-09-15 19:17:00,19,17,15,9,1,0,19.043605046334648,72.827349674733,0.0605158996926474,0.0605158996926474,4,1,Normal
456,456,USER_001,19.08924361513244,72.91912559937022,2026-09-15,2026-09-15 19:18:00,19,18,15,9,1,0,19.030147154286603,72.88635017691081,0.0675767711709889,0.0675767711709889,0,1,Normal
262,262,USER_001,19.03142379259204,72.87657766199666,2026-09-15,2026-09-15 19:22:00,19,22,15,9,1,0,19.08924361513244,72.91912559937022,0.0717875954002306,0.0717875954002306,4,1,Normal
308,308,USER_001,19.078855422897323,72.91823305150801,2026-09-15,2026-09-15 19:23:00,19,23,15,9,1,0,19.03142379259204,72.87657766199666,0.0631263101151902,0.0631263101151902,0,1,Normal
175,175,USER_001,19.04093493233367,72.85704721027915,2026-09-15,2026-09-15 19:25:00,19,25,15,9,1,0,19.078855422897323,72.91823305150801,0.0719838229845547,0.0719838229845547,2,1,Normal
208,208,USER_001,19.038640498678816,72.8435691746065,2026-09-15,2026-09-15 19:25:00,19,25,15,9,1,0,19.04093493233367,72.85704721027915,0.0136719373678238,0.0136719373678238,2,1,Normal
437,437,USER_001,19.06858717591864,72.84567765677205,2026-09-15,2026-09-15 19:26:00,19,26,15,9,1,0,19.038640498678816,72.8435691746065,0.0300208123599054,0.0300208123599054,3,1,Normal
93,93,USER_001,19.07660372104941,72.83586464476426,2026-09-15,2026-09-15 19:27:00,19,27,15,9,1,0,19.06858717591864,72.84567765677205,0.0126712351607415,0.0126712351607415,3,1,Normal
63,63,USER_001,19.05080607918524,72.8742540230555,2026-09-15,2026-09-15 19:29:00,19,29,15,9,1,0,19.07660372104941,72.83586464476426,0.0462521641800691,0.0462521641800691,1,1,Normal
253,253,USER_001,19.04381827810468,72.82994413927594,2026-09-15,2026-09-15 19:31:00,19,31,15,9,1,0,19.05080607918524,72.8742540230555,0.0448574984199935,0.0448574984199935,2,1,Normal
170,170,USER_001,19.07344235037325,72.8555991484272,2026-09-15,2026-09-15 19:33:00,19,33,15,9,1,0,19.04381827810468,72.82994413927594,0.0391888396399388,0.0391888396399388,1,1,Normal
378,378,USER_001,19.085029418587347,72.86792789285764,2026-09-15,2026-09-15 19:35:00,19,35,15,9,1,0,19.07344235037325,72.8555991484272,0.0169191633667008,0.0169191633667008,1,1,Normal
197,197,USER_001,19.044240973241507,72.83148368247393,2026-09-15,2026-09-15 19:37:00,19,37,15,9,1,0,19.085029418587347,72.86792789285764,0.0546980597848075,0.0546980597848075,2,1,Normal
27,27,USER_001,19.09217295211649,72.8435984919749,2026-09-15,2026-09-15 19:38:00,19,38,15,9,1,0,19.044240973241507,72.83148368247393,0.0494392881028487,0.0494392881028487,3,1,Normal
340,340,USER_001,19.090857200460263,72.86735738884352,2026-09-15,2026-09-15 19:46:00,19,46,15,9,1,0,19.09217295211649,72.8435984919749,0.0237953016966437,0.0237953016966437,1,1,Normal
361,361,USER_001,19.06645985966358,72.88804566263593,2026-09-15,2026-09-15 19:46:00,19,46,15,9,1,0,19.090857200460263,72.86735738884352,0.0319880432421149,0.0319880432421149,1,1,Normal
354,354,USER_001,19.097659685279176,72.89709218446441,2026-09-15,2026-09-15 19:49:00,19,49,15,9,1,0,19.06645985966358,72.88804566263593,0.0324848991938821,0.0324848991938821,0,1,Normal
94,94,USER_001,19.02460026420217,72.8240728802319,2026-09-15,2026-09-15 19:51:00,19,51,15,9,1,0,19.097659685279176,72.89709218446441,0.1032932611485763,0.1032932611485763,2,-1,Anomaly
303,303,USER_001,19.04387771457683,72.83104741131315,2026-09-15,2026-09-15 19:55:00,19,55,15,9,1,0,19.02460026420217,72.8240728802319,0.0205003457714946,0.0205003457714946,2,1,Normal
488,488,USER_001,19.067823402304807,72.87061075548468,2026-09-15,2026-09-15 20:03:00,20,3,15,9,1,0,19.04387771457683,72.83104741131315,0.0462455853330934,0.0462455853330934,1,1,Normal
192,192,USER_001,19.077599841780565,72.91173956130856,2026-09-15,2026-09-15 20:05:00,20,5,15,9,1,0,19.067823402304807,72.87061075548468,0.0422747848879476,0.0422747848879476,0,1,Normal
234,234,USER_001,19.07188380571261,72.8791275435745,2026-09-15,2026-09-15 20:08:00,20,8,15,9,1,0,19.077599841780565,72.91173956130856,0.0331091644264433,0.0331091644264433,1,1,Normal
305,305,USER_001,19.04772656456968,72.91103391020576,2026-09-15,2026-09-15 20:08:00,20,8,15,9,1,0,19.07188380571261,72.8791275435745,0.0400198517144449,0.0400198517144449,4,1,Normal
120,120,USER_001,19.10877041827583,72.85509150125522,2026-09-15,2026-09-15 20:11:00,20,11,15,9,1,0,19.04772656456968,72.91103391020576,0.0828003936855853,0.0828003936855853,3,1,Normal
285,285,USER_001,19.11502373538208,72.8646005772958,2026-09-15,2026-09-15 20:11:00,20,11,15,9,1,0,19.10877041827583,72.85509150125522,0.0113809710471899,0.0113809710471899,3,1,Normal
392,392,USER_001,19.04472310744032,72.90707499012726,2026-09-15,2026-09-15 20:13:00,20,13,15,9,1,0,19.11502373538208,72.8646005772958,0.0821355832412649,0.0821355832412649,4,1,Normal
402,402,USER_001,19.090538559411225,72.86463686465126,2026-09-15,2026-09-15 20:14:00,20,14,15,9,1,0,19.04472310744032,72.90707499012726,0.0624503813696508,0.0624503813696508,1,1,Normal
116,116,USER_001,19.05193136375904,72.91500619670508,2026-09-15,2026-09-15 20:15:00,20,15,15,9,1,0,19.090538559411225,72.86463686465126,0.0634632584073186,0.0634632584073186,4,1,Normal
348,348,USER_001,19.10680543225323,72.91632366534402,2026-09-15,2026-09-15 20:15:00,20,15,15,9,1,0,19.05193136375904,72.91500619670508,0.0548898817335183,0.0548898817335183,0,1,Normal
131,131,USER_001,19.021215447468983,72.91698788267077,2026-09-15,2026-09-15 20:20:00,20,20,15,9,1,0,19.10680543225323,72.91632366534402,0.085592562060173,0.085592562060173,4,1,Normal
73,73,USER_001,19.02704161308496,72.84089187176154,2026-09-15,2026-09-15 20:21:00,20,21,15,9,1,0,19.021215447468983,72.91698788267077,0.0763187203907516,0.0763187203907516,2,1,Normal
184,184,USER_001,19.069844219892907,72.82869202880875,2026-09-15,2026-09-15 20:21:00,20,21,15,9,1,0,19.02704161308496,72.84089187176154,0.0445072951057299,0.0445072951057299,3,1,Normal
276,276,USER_001,19.07664046402969,72.86760504021991,2026-09-15,2026-09-15 20:23:00,20,23,15,9,1,0,19.069844219892907,72.82869202880875,0.0395020428769506,0.0395020428769506,1,1,Normal
316,316,USER_001,19.06633807482156,72.88229373829351,2026-09-15,2026-09-15 20:24:00,20,24,15,9,1,0,19.07664046402969,72.86760504021991,0.0179414903085882,0.0179414903085882,1,1,Normal
225,225,USER_001,19.054252425717856,72.84273509830301,2026-09-15,2026-09-15 20:25:00,20,25,15,9,1,0,19.06633807482156,72.88229373829351,0.0413636182188653,0.0413636182188653,2,1,Normal
221,221,USER_001,19.06570002192817,72.88039578720725,2026-09-15,2026-09-15 20:28:00,20,28,15,9,1,0,19.054252425717856,72.84273509830301,0.0393621003979243,0.0393621003979243,1,1,Normal
337,337,USER_001,19.06322407838925,72.90401215027413,2026-09-15,2026-09-15 20:29:00,20,29,15,9,1,0,19.06570002192817,72.88039578720725,0.0237457975421869,0.0237457975421869,4,1,Normal
396,396,USER_001,19.03308736607184,72.91698210450785,2026-09-15,2026-09-15 20:30:00,20,30,15,9,1,0,19.06322407838925,72.90401215027413,0.0328091624722014,0.0328091624722014,4,1,Normal
289,289,USER_001,19.08931752114569,72.82515958066587,2026-09-15,2026-09-15 20:31:00,20,31,15,9,1,0,19.03308736607184,72.91698210450785,0.1076717522117155,0.1076717522117155,3,-1,Anomaly
382,382,USER_001,19.08802282424313,72.82721984089792,2026-09-15,2026-09-15 20:32:00,20,32,15,9,1,0,19.08931752114569,72.82515958066587,0.0024332924800149,0.0024332924800149,3,-1,Anomaly
388,388,USER_001,19.08229665835635,72.88315602200926,2026-09-15,2026-09-15 20:32:00,20,32,15,9,1,0,19.08802282424313,72.82721984089792,0.0562285099667684,0.0562285099667684,1,1,Normal
370,370,USER_001,19.07675408482616,72.88894649691373,2026-09-15,2026-09-15 20:33:00,20,33,15,9,1,0,19.08229665835635,72.88315602200926,0.0080155923646898,0.0080155923646898,1,1,Normal
12,12,USER_001,19.03220382348448,72.86951769101113,2026-09-15,2026-09-15 20:34:00,20,34,15,9,1,0,19.07675408482616,72.88894649691373,0.0486025131491483,0.0486025131491483,2,1,Normal
220,220,USER_001,19.030291603074414,72.87364813514846,2026-09-15,2026-09-15 20:35:00,20,35,15,9,1,0,19.03220382348448,72.86951769101113,0.0045516102280718,0.0045516102280718,4,-1,Anomaly
227,227,USER_001,19.070588867888446,72.88114542354347,2026-09-15,2026-09-15 20:39:00,20,39,15,9,1,0,19.030291603074414,72.87364813514846,0.0409887653482062,0.0409887653482062,1,1,Normal
133,133,USER_001,19.07538542844013,72.91693025356192,2026-09-15,2026-09-15 20:40:00,20,40,15,9,1,0,19.070588867888446,72.88114542354347,0.0361048618966311,0.0361048618966311,0,1,Normal
215,215,USER_001,19.082770805307145,72.85349056146572,2026-09-15,2026-09-15 20:46:00,20,46,15,9,1,0,19.07538542844013,72.91693025356192,0.0638681323096898,0.0638681323096898,3,1,Normal
434,434,USER_001,19.03957779856836,72.82075628749782,2026-09-15,2026-09-15 20:52:00,20,52,15,9,1,0,19.082770805307145,72.85349056146572,0.0541956504098124,0.0541956504098124,2,1,Normal
172,172,USER_001,19.099941039890904,72.8827900389491,2026-09-15,2026-09-15 20:55:00,20,55,15,9,1,0,19.03957779856836,72.82075628749782,0.0865558040924068,0.0865558040924068,0,1,Normal
38,38,USER_001,19.089243603289027,72.84694123337985,2026-09-15,2026-09-15 20:58:00,20,58,15,9,1,0,19.099941039890904,72.8827900389491,0.0374108541815431,0.0374108541815431,3,1,Normal
374,374,USER_001,19.113520181529942,72.9147350462631,2026-09-15,2026-09-15 20:58:00,20,58,15,9,1,0,19.089243603289027,72.84694123337985,0.072009397416842,0.072009397416842,0,1,Normal
11,11,USER_001,19.02976721140064,72.88842330265122,2026-09-15,2026-09-15 20:59:00,20,59,15,9,1,0,19.113520181529942,72.9147350462631,0.0877887684010749,0.0877887684010749,4,1,Normal
160,160,USER_001,19.07474463068991,72.86509104474162,2026-09-15,2026-09-15 20:59:00,20,59,15,9,1,0,19.02976721140064,72.88842330265122,0.0506691474674978,0.0506691474674978,1,1,Normal
178,178,USER_001,19.10952068376872,72.87116774421158,2026-09-15,2026-09-15 20:59:00,20,59,15,9,1,0,19.07474463068991,72.86509104474162,0.0353029764210965,0.0353029764210965,0,1,Normal
375,375,USER_001,19.068439844757403,72.88608201182993,2026-09-15,2026-09-15 21:03:00,21,3,15,9,1,0,19.10952068376872,72.87116774421158,0.0437043557607894,0.0437043557607894,1,1,Normal
417,417,USER_001,19.041567515239773,72.88588854702327,2026-09-15,2026-09-15 21:04:00,21,4,15,9,1,0,19.068439844757403,72.88608201182993,0.0268730259244378,0.0268730259244378,4,1,Normal
287,287,USER_001,19.100656114786144,72.88587833667107,2026-09-15,2026-09-15 21:05:00,21,5,15,9,1,0,19.041567515239773,72.88588854702327,0.0590886004285315,0.0590886004285315,0,1,Normal
291,291,USER_001,19.032052257878647,72.89310236714583,2026-09-15,2026-09-15 21:07:00,21,7,15,9,1,0,19.100656114786144,72.88587833667107,0.0689831559069649,0.0689831559069649,4,1,Normal
467,467,USER_001,19.029667644964672,72.86503709362583,2026-09-15,2026-09-15 21:11:00,21,11,15,9,1,0,19.032052257878647,72.89310236714583,0.0281663976486499,0.0281663976486499,2,1,Normal
322,322,USER_001,19.06958757350788,72.82810462159077,2026-09-15,2026-09-15 21:12:00,21,12,15,9,1,0,19.029667644964672,72.86503709362583,0.0543838963804139,0.0543838963804139,3,1,Normal
79,79,USER_001,19.084996393077777,72.89019668772578,2026-09-15,2026-09-15 21:13:00,21,13,15,9,1,0,19.06958757350788,72.82810462159077,0.0639754358910656,0.0639754358910656,0,1,Normal
6,6,USER_001,19.08118528947224,72.83394938606521,2026-09-15,2026-09-15 21:14:00,21,14,15,9,1,0,19.084996393077777,72.89019668772578,0.0563762667687956,0.0563762667687956,3,1,Normal
16,16,USER_001,19.05951502360018,72.91266588657939,2026-09-15,2026-09-15 21:14:00,21,14,15,9,1,0,19.08118528947224,72.83394938606521,0.0816448888551148,0.0816448888551148,4,1,Normal
495,495,USER_001,19.05032751475676,72.83010458110107,2026-09-15,2026-09-15 21:15:00,21,15,15,9,1,0,19.05951502360018,72.91266588657939,0.083070930421133,0.083070930421133,2,1,Normal
255,255,USER_001,19.086808513657065,72.84049842954158,2026-09-15,2026-09-15 21:17:00,21,17,15,9,1,0,19.05032751475676,72.83010458110107,0.0379327743009721,0.0379327743009721,3,1,Normal
66,66,USER_001,19.08689240596631,72.9064167565072,2026-09-15,2026-09-15 21:18:00,21,18,15,9,1,0,19.086808513657065,72.84049842954158,0.0659183803492267,0.0659183803492267,0,1,Normal
256,256,USER_001,19.02130019235108,72.82855085308545,2026-09-15,2026-09-15 21:18:00,21,18,15,9,1,0,19.08689240596631,72.9064167565072,0.1018107921717121,0.1018107921717121,2,-1,Anomaly
61,61,USER_001,19.09121792213476,72.84372490874968,2026-09-15,2026-09-15 21:19:00,21,19,15,9,1,0,19.02130019235108,72.82855085308545,0.0715453765340904,0.0715453765340904,3,1,Normal
95,95,USER_001,19.03753302698893,72.82171611018317,2026-09-15,2026-09-15 21:20:00,21,20,15,9,1,0,19.09121792213476,72.84372490874968,0.0580211614944053,0.0580211614944053,2,1,Normal
90,90,USER_001,19.04502428981646,72.87492266647061,2026-09-15,2026-09-15 21:24:00,21,24,15,9,1,0,19.03753302698893,72.82171611018317,0.053731337697094,0.053731337697094,4,1,Normal
113,113,USER_001,19.05777288861763,72.87343274735306,2026-09-15,2026-09-15 21:24:00,21,24,15,9,1,0,19.04502428981646,72.87492266647061,0.0128353663901751,0.0128353663901751,1,1,Normal
140,140,USER_001,19.05095276162864,72.9013795019707,2026-09-15,2026-09-15 21:28:00,21,28,15,9,1,0,19.05777288861763,72.87343274735306,0.02876691199632,0.02876691199632,4,1,Normal
389,389,USER_001,19.033156768512725,72.89158249646822,2026-09-15,2026-09-15 21:29:00,21,29,15,9,1,0,19.05095276162864,72.9013795019707,0.0203144945247782,0.0203144945247782,4,1,Normal
165,165,USER_001,19.04401456187782,72.82758633281087,2026-09-15,2026-09-15 21:30:00,21,30,15,9,1,0,19.033156768512725,72.89158249646822,0.0649107128262927,0.0649107128262927,2,1,Normal
91,91,USER_001,19.086019737671773,72.8479933896946,2026-09-15,2026-09-15 21:38:00,21,38,15,9,1,0,19.04401456187782,72.82758633281087,0.0466999225281645,0.0466999225281645,3,1,Normal
326,326,USER_001,19.09339099189537,72.87212603121804,2026-09-15,2026-09-15 21:39:00,21,39,15,9,1,0,19.086019737671773,72.8479933896946,0.0252333068726292,0.0252333068726292,1,1,Normal
327,327,USER_001,19.044528553225533,72.83573406597026,2026-09-15,2026-09-15 21:40:00,21,40,15,9,1,0,19.09339099189537,72.87212603121804,0.060925471252668,0.060925471252668,2,1,Normal
466,466,USER_001,19.089000489082068,72.84009336886591,2026-09-15,2026-09-15 21:41:00,21,41,15,9,1,0,19.044528553225533,72.83573406597026,0.0446850825283315,0.0446850825283315,3,1,Normal
124,124,USER_001,19.02848377140852,72.91866395785013,2026-09-15,2026-09-15 21:44:00,21,44,15,9,1,0,19.089000489082068,72.84009336886591,0.0991746468171534,0.0991746468171534,4,-1,Anomaly
365,365,USER_001,19.11866625932672,72.83424955429015,2026-09-15,2026-09-15 21:53:00,21,53,15,9,1,0,19.02848377140852,72.91866395785013,0.1235259999170314,0.1235259999170314,3,-1,Anomaly
485,485,USER_001,19.080637094443336,72.83391980246176,2026-09-15,2026-09-15 21:53:00,21,53,15,9,1,0,19.11866625932672,72.83424955429015,0.0380305944996377,0.0380305944996377,3,1,Normal
99,99,USER_001,19.08586936316189,72.83629344270815,2026-09-15,2026-09-15 21:54:00,21,54,15,9,1,0,19.080637094443336,72.83391980246176,0.0057455029338121,0.0057455029338121,3,1,Normal
53,53,USER_001,19.04285500217973,72.83749549270959,2026-09-15,2026-09-15 21:56:00,21,56,15,9,1,0,19.08586936316189,72.83629344270815,0.0430311535391448,0.0430311535391448,2,1,Normal
358,358,USER_001,19.04475399556033,72.87584126725832,2026-09-15,2026-09-15 21:56:00,21,56,15,9,1,0,19.04285500217973,72.83749549270959,0.0383927675689267,0.0383927675689267,4,1,Normal
147,147,USER_001,19.02563754966509,72.90647223762551,2026-09-15,2026-09-15 22:04:00,22,4,15,9,1,0,19.04475399556033,72.87584126725832,0.0361067147397969,0.0361067147397969,4,1,Normal
161,161,USER_001,19.049795945154194,72.8723602276015,2026-09-15,2026-09-15 22:04:00,22,4,15,9,1,0,19.02563754966509,72.90647223762551,0.0418002069430974,0.0418002069430974,1,1,Normal
241,241,USER_001,19.078058835027804,72.88322642879196,2026-09-15,2026-09-15 22:06:00,22,6,15,9,1,0,19.049795945154194,72.8723602276015,0.0302797832277439,0.0302797832277439,1,1,Normal
360,360,USER_001,19.063324674897167,72.9184351407403,2026-09-15,2026-09-15 22:07:00,22,7,15,9,1,0,19.078058835027804,72.88322642879196,0.0381673796823494,0.0381673796823494,4,1,Normal
139,139,USER_001,19.045994986285425,72.86532408468288,2026-09-15,2026-09-15 22:08:00,22,8,15,9,1,0,19.063324674897167,72.9184351407403,0.0558668272135988,0.0558668272135988,2,1,Normal
162,162,USER_001,19.099647177567388,72.86593468079462,2026-09-15,2026-09-15 22:09:00,22,9,15,9,1,0,19.045994986285425,72.86532408468288,0.0536556656558088,0.0536556656558088,3,1,Normal
364,364,USER_001,19.068050694725784,72.83049301784182,2026-09-15,2026-09-15 22:11:00,22,11,15,9,1,0,19.099647177567388,72.86593468079462,0.0474810404353153,0.0474810404353153,3,1,Normal
145,145,USER_001,19.11872761293149,72.83504168911035,2026-09-15,2026-09-15 22:12:00,22,12,15,9,1,0,19.068050694725784,72.83049301784182,0.0508806490636377,0.0508806490636377,3,1,Normal
182,182,USER_001,19.05274973521779,72.83197621318193,2026-09-15,2026-09-15 22:12:00,22,12,15,9,1,0,19.11872761293149,72.83504168911035,0.0660490536667376,0.0660490536667376,2,1,Normal
263,263,USER_001,19.09998552559473,72.86252135044693,2026-09-15,2026-09-15 22:13:00,22,13,15,9,1,0,19.05274973521779,72.83197621318193,0.0562514471197972,0.0562514471197972,3,1,Normal
293,293,USER_001,19.051910047324327,72.90289154741507,2026-09-15,2026-09-15 22:13:00,22,13,15,9,1,0,19.09998552559473,72.86252135044693,0.0627774196202293,0.0627774196202293,4,1,Normal
284,284,USER_001,19.030309374601377,72.85145965568094,2026-09-15,2026-09-15 22:16:00,22,16,15,9,1,0,19.051910047324327,72.90289154741507,0.055783766002618,0.055783766002618,2,1,Normal
149,149,USER_001,19.11447657298824,72.90496473906775,2026-09-15,2026-09-15 22:20:00,22,20,15,9,1,0,19.030309374601377,72.85145965568094,0.0997342029221839,0.0997342029221839,0,1,Normal
451,451,USER_001,19.106925962465105,72.86728919656332,2026-09-15,2026-09-15 22:21:00,22,21,15,9,1,0,19.11447657298824,72.90496473906775,0.0384247084865359,0.0384247084865359,3,1,Normal
129,129,USER_001,19.09442116569433,72.88810394270969,2026-09-15,2026-09-15 22:24:00,22,24,15,9,1,0,19.106925962465105,72.86728919656332,0.0242821662834315,0.0242821662834315,0,1,Normal
351,351,USER_001,19.094583701203096,72.84003591435487,2026-09-15,2026-09-15 22:24:00,22,24,15,9,1,0,19.09442116569433,72.88810394270969,0.0480683031499069,0.0480683031499069,3,1,Normal
173,173,USER_001,19.10735786241068,72.91208724005318,2026-09-15,2026-09-15 22:25:00,22,25,15,9,1,0,19.094583701203096,72.84003591435487,0.0731749460501438,0.0731749460501438,0,1,Normal
414,414,USER_001,19.11786312874005,72.85742967671398,2026-09-15,2026-09-15 22:25:00,22,25,15,9,1,0,19.10735786241068,72.91208724005318,0.0556579720330363,0.0556579720330363,3,1,Normal
5,5,USER_001,19.072475643163223,72.86319450186421,2026-09-15,2026-09-15 22:26:00,22,26,15,9,1,0,19.11786312874005,72.85742967671398,0.0457521262456687,0.0457521262456687,1,1,Normal
240,240,USER_001,19.061892544950457,72.91148459010681,2026-09-15,2026-09-15 22:28:00,22,28,15,9,1,0,19.072475643163223,72.86319450186421,0.0494361668240842,0.0494361668240842,4,1,Normal
353,353,USER_001,19.074323280578994,72.83592457382792,2026-09-15,2026-09-15 22:28:00,22,28,15,9,1,0,19.061892544950457,72.91148459010681,0.0765757092577796,0.0765757092577796,3,1,Normal
212,212,USER_001,19.063874467538835,72.87774862709061,2026-09-15,2026-09-15 22:32:00,22,32,15,9,1,0,19.074323280578994,72.83592457382792,0.0431095015659921,0.0431095015659921,1,1,Normal
450,450,USER_001,19.06239448129133,72.83529838008286,2026-09-15,2026-09-15 22:34:00,22,34,15,9,1,0,19.063874467538835,72.87774862709061,0.0424760383076362,0.0424760383076362,2,1,Normal
114,114,USER_001,19.052004960103066,72.90955232284962,2026-09-15,2026-09-15 22:35:00,22,35,15,9,1,0,19.06239448129133,72.83529838008286,0.0749772643334672,0.0749772643334672,4,1,Normal
121,121,USER_001,19.088803001017503,72.90369638742374,2026-09-15,2026-09-15 22:37:00,22,37,15,9,1,0,19.052004960103066,72.90955232284962,0.0372610761365359,0.0372610761365359,0,1,Normal
110,110,USER_001,19.093164775529964,72.83276897294225,2026-09-15,2026-09-15 22:38:00,22,38,15,9,1,0,19.088803001017503,72.90369638742374,0.0710614044466221,0.0710614044466221,3,1,Normal
67,67,USER_001,19.07720041992092,72.89685540143064,2026-09-15,2026-09-15 22:43:00,22,43,15,9,1,0,19.093164775529964,72.83276897294225,0.0660449162798326,0.0660449162798326,0,1,Normal
185,185,USER_001,19.078684111802087,72.89454394741844,2026-09-15,2026-09-15 22:43:00,22,43,15,9,1,0,19.07720041992092,72.89685540143064,0.0027466636577414,0.0027466636577414,0,-1,Anomaly
357,357,USER_001,19.068152235151256,72.83173081889625,2026-09-15,2026-09-15 22:43:00,22,43,15,9,1,0,19.078684111802087,72.89454394741844,0.0636899485047206,0.0636899485047206,3,1,Normal
243,243,USER_001,19.04995959117665,72.85099369262687,2026-09-15,2026-09-15 22:44:00,22,44,15,9,1,0,19.068152235151256,72.83173081889625,0.0264958600379161,0.0264958600379161,2,1,Normal
69,69,USER_001,19.094771877389743,72.9153071847024,2026-09-15,2026-09-15 22:45:00,22,45,15,9,1,0,19.04995959117665,72.85099369262687,0.0783860080536903,0.0783860080536903,0,1,Normal
155,155,USER_001,19.02884082233657,72.89918178394697,2026-09-15,2026-09-15 22:47:00,22,47,15,9,1,0,19.094771877389743,72.9153071847024,0.0678743881736531,0.0678743881736531,4,1,Normal
401,401,USER_001,19.055673205304,72.87335119252998,2026-09-15,2026-09-15 22:48:00,22,48,15,9,1,0,19.02884082233657,72.89918178394697,0.0372450832817218,0.0372450832817218,1,1,Normal
245,245,USER_001,19.091405919978985,72.87276477301448,2026-09-15,2026-09-15 22:49:00,22,49,15,9,1,0,19.055673205304,72.87335119252998,0.0357375262978856,0.0357375262978856,1,1,Normal
384,384,USER_001,19.093535029866576,72.89677238880668,2026-09-15,2026-09-15 22:50:00,22,50,15,9,1,0,19.091405919978985,72.87276477301448,0.0241018406960827,0.0241018406960827,0,1,Normal
81,81,USER_001,19.063847412301808,72.88720261352952,2026-09-15,2026-09-15 22:51:00,22,51,15,9,1,0,19.093535029866576,72.89677238880668,0.0311919097768511,0.0311919097768511,1,1,Normal
41,41,USER_001,19.06972485058924,72.85008783098168,2026-09-15,2026-09-15 22:55:00,22,55,15,9,1,0,19.063847412301808,72.88720261352952,0.0375772719126395,0.0375772719126395,1,1,Normal
