User_ID,Latitude,Longitude,Date,Time
USER_001,19.057454011884737,72.91507143064099,2026-09-15,16:07:00
USER_001,19.079865848419704,72.83560186404425,2026-09-15,16:10:00
USER_001,19.106617614577495,72.88011150117433,2026-09-15,8:21:00
USER_001,19.02564115790271,72.89219987722669,2026-09-15,11:01:00
USER_001,19.03818249672071,72.83834045098534,2026-09-15,17:57:00
USER_001,19.072475643163223,72.86319450186421,2026-09-15,22:26:00
USER_001,19.081185289472238,72.83394938606521,2026-09-15,21:14:00
USER_001,19.065606998421703,72.8985175961393,2026-09-15,17:54:00
USER_001,19.11832308858068,72.8666762893248,2026-09-15,10:50:00
USER_001,19.088030753858778,72.86504992519696,2026-09-15,9:24:00
USER_001,19.116563203307457,72.90083973481165,2026-09-15,14:25:00
USER_001,19.02976721140064,72.88842330265122,2026-09-15,20:59:00
USER_001,19.03220382348448,72.86951769101113,2026-09-15,20:34:00
USER_001,19.110932040207878,72.84587799816,2026-09-15,13:03:00
USER_001,19.05117110760894,72.87200680211778,2026-09-15,15:03:00
USER_001,19.038485445552553,72.91695846277646,2026-09-15,17:33:00
USER_001,19.05951502360018,72.91266588657939,2026-09-15,21:14:00
USER_001,19.02884925020519,72.83959828624192,2026-09-15,13:20:00
USER_001,19.05886772896895,72.84713490317739,2026-09-15,18:40:00
USER_001,19.049627350570407,72.83652669390631,2026-09-15,12:08:00
USER_001,19.097224476929664,72.83987156815343,2026-09-15,16:50:00
USER_001,19.090685734384763,72.8929007168041,2026-09-15,6:58:00
USER_001,19.027404465173408,72.85584657285443,2026-09-15,14:27:00
USER_001,19.10631034258756,72.88232981268276,2026-09-15,7:32:00
USER_001,19.026355835028603,72.85109823217157,2026-09-15,10:34:00
USER_001,19.079129778770774,72.847472179299,2026-09-15,8:00:00
USER_001,19.05829268747538,72.91717120953892,2026-09-15,8:00:00
USER_001,19.09217295211649,72.8435984919749,2026-09-15,19:38:00
USER_001,19.024043358953843,72.89106628896859,2026-09-15,15:59:00
USER_001,19.03078914269933,72.82314291856868,2026-09-15,12:48:00
USER_001,19.051435598107634,72.87085706911647,2026-09-15,10:22:00
USER_001,19.08044173792778,72.87398410913018,2026-09-15,9:12:00
USER_001,19.02769799098288,72.84897514529138,2026-09-15,7:41:00
USER_001,19.10081203795644,72.88334037565104,2026-09-15,11:27:00
USER_001,19.10036720768991,72.8386570058886,2026-09-15,16:57:00
USER_001,19.03220879547007,72.8556297838077,2026-09-15,6:00:00
USER_001,19.042793516254193,72.86271077886263,2026-09-15,18:40:00
USER_001,19.050478125815804,72.8364655853143,2026-09-15,14:36:00
USER_001,19.089243603289027,72.84694123337985,2026-09-15,20:58:00
USER_001,19.052320293202076,72.87187906217434,2026-09-15,14:51:00
USER_001,19.05636296023793,72.9171782082721,2026-09-15,17:38:00
USER_001,19.06972485058924,72.85008783098168,2026-09-15,22:55:00
USER_001,19.023688694735455,72.880956433398,2026-09-15,7:27:00
USER_001,19.025147875125,72.84786464642366,2026-09-15,6:00:00
USER_001,19.043956189066698,72.83448948720913,2026-09-15,17:25:00
USER_001,19.11856504541106,72.84420552715116,2026-09-15,9:54:00
USER_001,19.09616196153287,72.84376375439925,2026-09-15,11:23:00
USER_001,19.067030063444605,72.91834231408949,2026-09-15,16:47:00
USER_001,19.099834512498454,72.83507175439655,2026-09-15,11:15:00
USER_001,19.024077514155476,72.87908929431883,2026-09-15,9:18:00
USER_001,19.091114953243803,72.90095010461398,2026-09-15,12:51:00
USER_001,19.11405232644896,72.85975720210875,2026-09-15,12:17:00
USER_001,19.103771010590734,72.88756901170393,2026-09-15,15:34:00
USER_001,19.04285500217973,72.83749549270959,2026-09-15,21:56:00
USER_001,19.071663589127102,72.84608291748305,2026-09-15,6:47:00
USER_001,19.11654193512888,72.87582934536071,2026-09-15,14:40:00
USER_001,19.054920957461267,72.89259556788703,2026-09-15,8:19:00
USER_001,19.108708642426514,72.89798755458577,2026-09-15,16:48:00
USER_001,19.036162871409463,72.90985541885271,2026-09-15,8:47:00
USER_001,19.030147154286603,72.88635017691081,2026-09-15,19:17:00
USER_001,19.068561375358623,72.86484241429864,2026-09-15,14:35:00
USER_001,19.091217922134753,72.84372490874968,2026-09-15,21:19:00
USER_001,19.056646878458285,72.89441705230566,2026-09-15,8:16:00
USER_001,19.05080607918524,72.8742540230555,2026-09-15,19:29:00
USER_001,19.117301055475245,72.85930977246669,2026-09-15,13:26:00
USER_001,19.063439436551043,72.85500784076947,2026-09-15,6:27:00
USER_001,19.08689240596631,72.9064167565072,2026-09-15,21:18:00
USER_001,19.077200419920917,72.89685540143064,2026-09-15,22:43:00
USER_001,19.114045858435293,72.91539285770027,2026-09-15,11:34:00
USER_001,19.094771877389743,72.9153071847024,2026-09-15,22:45:00
USER_001,19.116665481904366,72.91636199770893,2026-09-15,6:51:00
USER_001,19.04944488920696,72.8585097728602,2026-09-15,6:02:00
USER_001,19.036949274668608,72.87568012624584,2026-09-15,8:39:00
USER_001,19.027041613084954,72.84089187176154,2026-09-15,20:21:00
USER_001,19.055864678129616,72.84541636490698,2026-09-15,15:01:00
USER_001,19.05225507642386,72.90486697949247,2026-09-15,14:42:00
USER_001,19.090891099691014,72.87528199769079,2026-09-15,15:54:00
USER_001,19.06197808564463,72.84562069435945,2026-09-15,18:59:00
USER_001,19.071134239886096,72.87015162946872,2026-09-15,18:19:00
USER_001,19.084996393077777,72.89019668772578,2026-09-15,21:13:00
USER_001,19.109000534181757,72.85379951568515,2026-09-15,7:01:00
USER_001,19.063847412301808,72.88720261352952,2026-09-15,22:51:00
USER_001,19.023883473442943,72.85032655146733,2026-09-15,16:59:00
USER_001,19.052665124179605,72.90278690037876,2026-09-15,17:43:00
USER_001,19.0822890475819,72.82853474649939,2026-09-15,18:31:00
USER_001,19.073135463156817,72.87406351216102,2026-09-15,13:51:00
USER_001,19.033274542224298,72.91695368671142,2026-09-15,15:29:00
USER_001,19.024106751676786,72.85988209014448,2026-09-15,10:25:00
USER_001,19.116264841467792,72.90359801205122,2026-09-15,14:11:00
USER_001,19.060895294441426,72.8373294320071,2026-09-15,6:46:00
USER_001,19.04502428981646,72.87492266647061,2026-09-15,21:24:00
USER_001,19.086019737671773,72.8479933896946,2026-09-15,21:38:00
USER_001,19.085711132850015,72.86356728986779,2026-09-15,8:11:00
USER_001,19.07660372104941,72.83586464476426,2026-09-15,19:27:00
USER_001,19.024600264202174,72.8240728802319,2026-09-15,19:51:00
USER_001,19.037533026988935,72.82171611018317,2026-09-15,21:20:00
USER_001,19.067347177078055,72.83732018699101,2026-09-15,10:22:00
USER_001,19.024805892419703,72.91491457315914,2026-09-15,9:33:00
USER_001,19.046089362334172,72.82153045402904,2026-09-15,6:55:00
USER_001,19.085869363161894,72.83629344270815,2026-09-15,21:54:00
USER_001,19.114425159712518,72.9067198933555,2026-09-15,17:49:00
USER_001,19.077336704167195,72.83285003532339,2026-09-15,16:36:00
USER_001,19.08259396701016,72.90204268437714,2026-09-15,13:09:00
USER_001,19.040668435987676,72.84739611273211,2026-09-15,17:30:00
USER_001,19.057725908322798,72.82389631323103,2026-09-15,8:22:00
USER_001,19.027118864846024,72.85189756302938,2026-09-15,15:25:00
USER_001,19.054062456946426,72.8460694528236,2026-09-15,12:03:00
USER_001,19.089289035869193,72.85483366044532,2026-09-15,16:28:00
USER_001,19.023918632667566,72.86179460317156,2026-09-15,9:09:00
USER_001,19.062347094230812,72.876852028375,2026-09-15,8:48:00
USER_001,19.093164775529964,72.83276897294225,2026-09-15,22:38:00
USER_001,19.07805440123439,72.90671166072097,2026-09-15,10:11:00
USER_001,19.062899402737504,72.89508710677916,2026-09-15,8:40:00
USER_001,19.05777288861763,72.87343274735306,2026-09-15,21:24:00
USER_001,19.052004960103062,72.90955232284962,2026-09-15,22:35:00
USER_001,19.02108376514803,72.91053819764193,2026-09-15,17:08:00
USER_001,19.051931363759042,72.91500619670508,2026-09-15,20:15:00
USER_001,19.064844552197833,72.8493210771698,2026-09-15,9:52:00
USER_001,19.099157904372586,72.89896181427946,2026-09-15,18:52:00
USER_001,19.06944203047026,72.82575587600167,2026-09-15,10:34:00
USER_001,19.10877041827583,72.85509150125522,2026-09-15,20:11:00
USER_001,19.088803001017503,72.90369638742374,2026-09-15,22:37:00
USER_001,19.0284106806115,72.89009691314591,2026-09-15,15:08:00
USER_001,19.102186005929035,72.89062422271566,2026-09-15,10:28:00
USER_001,19.02848377140852,72.91866395785013,2026-09-15,21:44:00
USER_001,19.05706421470669,72.90127995672576,2026-09-15,12:24:00
USER_001,19.079188873882128,72.85502182467003,2026-09-15,17:53:00
USER_001,19.090508436429666,72.84487241544304,2026-09-15,12:02:00
USER_001,19.045368217387313,72.86052020867815,2026-09-15,13:40:00
USER_001,19.09442116569433,72.88810394270969,2026-09-15,22:24:00
USER_001,19.106859912818948,72.84235958385194,2026-09-15,11:57:00
USER_001,19.021215447468983,72.91698788267077,2026-09-15,20:20:00
USER_001,19.024340078329818,72.91246433302237,2026-09-15,10:35:00
USER_001,19.075385428440132,72.91693025356192,2026-09-15,20:40:00
USER_001,19.04168091065865,72.84944939468394,2026-09-15,6:52:00
USER_001,19.08969250558638,72.85842018313792,2026-09-15,16:11:00
USER_001,19.115870240740787,72.82578638977577,2026-09-15,11:11:00
USER_001,19.03067560659359,72.8535660064797,2026-09-15,9:25:00
USER_001,19.05882683839899,72.8429394745705,2026-09-15,10:40:00
USER_001,19.045994986285425,72.86532408468288,2026-09-15,22:08:00
USER_001,19.050952761628633,72.9013795019707,2026-09-15,21:28:00
USER_001,19.033318512522374,72.82762003795992,2026-09-15,11:17:00
USER_001,19.061663905773848,72.87811626211808,2026-09-15,7:09:00
USER_001,19.113272848335402,72.90660638895004,2026-09-15,18:04:00
USER_001,19.022636697449727,72.85764633668781,2026-09-15,6:17:00
USER_001,19.118727612931494,72.83504168911035,2026-09-15,22:12:00
USER_001,19.026351182959,72.8236821867636,2026-09-15,6:20:00
USER_001,19.025637549665092,72.90647223762551,2026-09-15,22:04:00
USER_001,19.119971767328614,72.9196636837074,2026-09-15,10:52:00
USER_001,19.11447657298824,72.90496473906775,2026-09-15,22:20:00
USER_001,19.06505441353101,72.83291594151515,2026-09-15,18:12:00
USER_001,19.040722764900806,72.90782206674793,2026-09-15,13:31:00
USER_001,19.024689646779123,72.84686724820253,2026-09-15,12:25:00
USER_001,19.069816518664588,72.8676210696789,2026-09-15,8:58:00
USER_001,19.050777723977106,72.90163857352131,2026-09-15,17:04:00
USER_001,19.028840822336566,72.89918178394697,2026-09-15,22:47:00
USER_001,19.068004596701847,72.86205357786652,2026-09-15,10:20:00
USER_001,19.083936135697424,72.90050446675194,2026-09-15,12:37:00
USER_001,19.08172637120973,72.91804627250924,2026-09-15,7:17:00
USER_001,19.059224404509973,72.86374749220238,2026-09-15,7:51:00
USER_001,19.07474463068991,72.86509104474162,2026-09-15,20:59:00
USER_001,19.049795945154194,72.8723602276015,2026-09-15,22:04:00
USER_001,19.099647177567388,72.86593468079462,2026-09-15,22:09:00
USER_001,19.09689177413154,72.82662359778519,2026-09-15,10:33:00
USER_001,19.08208056844221,72.85474134082254,2026-09-15,16:42:00
USER_001,19.04401456187782,72.82758633281087,2026-09-15,21:30:00
USER_001,19.06003004889103,72.8897667573697,2026-09-15,9:39:00
USER_001,19.08965014662271,72.86116612143576,2026-09-15,8:26:00
USER_001,19.086755773852104,72.83723198712016,2026-09-15,10:17:00
USER_001,19.047859033903197,72.83770104842768,2026-09-15,11:00:00
USER_001,19.073442350373252,72.8555991484272,2026-09-15,19:33:00
USER_001,19.032874839829965,72.85300995133102,2026-09-15,14:25:00
USER_001,19.099941039890904,72.8827900389491,2026-09-15,20:55:00
USER_001,19.107357862410677,72.91208724005318,2026-09-15,22:25:00
USER_001,19.10683011070356,72.82845170076807,2026-09-15,8:51:00
USER_001,19.04093493233367,72.85704721027915,2026-09-15,19:25:00
USER_001,19.09599554089376,72.87312657539736,2026-09-15,7:44:00
USER_001,19.026234136251123,72.83477390919063,2026-09-15,12:02:00
USER_001,19.10952068376872,72.87116774421158,2026-09-15,20:59:00
USER_001,19.030717201133978,72.86474123668235,2026-09-15,8:50:00
USER_001,19.044247050363474,72.84692432309494,2026-09-15,10:27:00
USER_001,19.022007119777772,72.85220791655833,2026-09-15,12:21:00
USER_001,19.05274973521779,72.83197621318193,2026-09-15,22:12:00
USER_001,19.079359245355406,72.88791023191445,2026-09-15,8:40:00
USER_001,19.069844219892907,72.82869202880875,2026-09-15,20:21:00
USER_001,19.078684111802087,72.89454394741844,2026-09-15,22:43:00
USER_001,19.032758030279556,72.84837759057987,2026-09-15,11:51:00
USER_001,19.084591724133162,72.8770778304669,2026-09-15,18:05:00
USER_001,19.080577481935688,72.84372267917361,2026-09-15,11:05:00
USER_001,19.044595772838452,72.83606813732597,2026-09-15,16:29:00
USER_001,19.037337359529477,72.90967654246265,2026-09-15,8:50:00
USER_001,19.021824248142835,72.88969614623664,2026-09-15,11:01:00
USER_001,19.077599841780565,72.91173956130856,2026-09-15,20:05:00
USER_001,19.117506716294514,72.86907487792588,2026-09-15,11:50:00
USER_001,19.102086147315337,72.89184572708366,2026-09-15,16:07:00
USER_001,19.067661948412642,72.90385825587026,2026-09-15,10:05:00
USER_001,19.116799406650422,72.89109524788368,2026-09-15,6:19:00
USER_001,19.044240973241507,72.83148368247393,2026-09-15,19:37:00
USER_001,19.07812382214226,72.83543627152743,2026-09-15,9:12:00
USER_001,19.07325894325516,72.82518235368225,2026-09-15,15:04:00
USER_001,19.026337497047276,72.918996023239,2026-09-15,18:39:00
USER_001,19.100987444585463,72.84546406547638,2026-09-15,10:08:00
USER_001,19.096022785988968,72.87956387406079,2026-09-15,11:54:00
USER_001,19.099428944996646,72.83066992501135,2026-09-15,10:59:00
USER_001,19.11650269106665,72.83242972234856,2026-09-15,16:08:00
USER_001,19.040500181005324,72.85792285849638,2026-09-15,6:39:00
USER_001,19.09215965507513,72.82480946439641,2026-09-15,13:10:00
USER_001,19.09952673118599,72.84016273200479,2026-09-15,8:20:00
USER_001,19.038640498678816,72.8435691746065,2026-09-15,19:25:00
USER_001,19.11078661304625,72.85161965822965,2026-09-15,15:24:00
USER_001,19.088298206341715,72.8651948601299,2026-09-15,13:13:00
USER_001,19.109966744529217,72.88241015441818,2026-09-15,6:22:00
USER_001,19.063874467538835,72.87774862709061,2026-09-15,22:32:00
USER_001,19.05914821102015,72.87318574796882,2026-09-15,13:39:00
USER_001,19.0824237995914,72.83168980407085,2026-09-15,11:02:00
USER_001,19.082770805307142,72.85349056146572,2026-09-15,20:46:00
USER_001,19.08200727559285,72.87334610919764,2026-09-15,12:26:00
USER_001,19.098859721122455,72.83516748797328,2026-09-15,6:36:00
USER_001,19.097857193905075,72.83431279855485,2026-09-15,9:21:00
USER_001,19.091406408222362,72.86939814871309,2026-09-15,15:32:00
USER_001,19.030291603074414,72.87364813514846,2026-09-15,20:35:00
USER_001,19.06570002192817,72.88039578720725,2026-09-15,20:28:00
USER_001,19.073986063711285,72.86863574819957,2026-09-15,9:11:00
USER_001,19.097188198059825,72.82122030723181,2026-09-15,9:35:00
USER_001,19.091617907473296,72.87990293647773,2026-09-15,16:09:00
USER_001,19.054252425717856,72.84273509830301,2026-09-15,20:25:00
USER_001,19.11472833396118,72.83533514031161,2026-09-15,18:39:00
USER_001,19.070588867888446,72.88114542354347,2026-09-15,20:39:00
USER_001,19.107212390894414,72.91321182824836,2026-09-15,9:47:00
USER_001,19.08966508238769,72.91224993811774,2026-09-15,13:41:00
USER_001,19.097124666851975,72.85744353697204,2026-09-15,14:53:00
USER_001,19.02773210654888,72.83042469660519,2026-09-15,14:21:00
USER_001,19.11106861982557,72.83228107818458,2026-09-15,10:20:00
USER_001,19.03655205103673,72.83863208794942,2026-09-15,6:53:00
USER_001,19.07188380571261,72.8791275435745,2026-09-15,20:08:00
USER_001,19.09442496518433,72.84055798083757,2026-09-15,14:34:00
USER_001,19.059816869359096,72.8737395602938,2026-09-15,16:37:00
USER_001,19.054634599436596,72.85469532018963,2026-09-15,7:26:00
USER_001,19.06522179408898,72.842460482294,2026-09-15,17:58:00
USER_001,19.03408570203798,72.83763869865062,2026-09-15,12:51:00
USER_001,19.061892544950457,72.91148459010681,2026-09-15,22:28:00
USER_001,19.078058835027804,72.88322642879196,2026-09-15,22:06:00
USER_001,19.117554131568276,72.8658988988017,2026-09-15,13:48:00
USER_001,19.04995959117665,72.85099369262687,2026-09-15,22:44:00
USER_001,19.057772594744016,72.90365648132924,2026-09-15,6:13:00
USER_001,19.091405919978982,72.87276477301448,2026-09-15,22:49:00
USER_001,19.069701194882125,72.89653562810663,2026-09-15,9:00:00
USER_001,19.05343628113105,72.8275503363804,2026-09-15,8:31:00
USER_001,19.04723018547203,72.9097430409819,2026-09-15,7:59:00
USER_001,19.100074977148612,72.9178931435616,2026-09-15,12:28:00
USER_001,19.060798449536485,72.87517225952594,2026-09-15,8:23:00
USER_001,19.039611309969345,72.8705507879106,2026-09-15,13:53:00
USER_001,19.05392712458962,72.87694435177636,2026-09-15,6:27:00
USER_001,19.043818278104673,72.82994413927594,2026-09-15,19:31:00
USER_001,19.10556964681063,72.90302198645671,2026-09-15,9:51:00
USER_001,19.086808513657065,72.84049842954158,2026-09-15,21:17:00
USER_001,19.021300192351074,72.82855085308545,2026-09-15,21:18:00
USER_001,19.07830415609697,72.86214245505926,2026-09-15,7:00:00
USER_001,19.101744356173846,72.85418173516979,2026-09-15,15:01:00
USER_001,19.056305921219508,72.82342281108205,2026-09-15,10:36:00
USER_001,19.060941165219123,72.8752047180852,2026-09-15,7:52:00
USER_001,19.049446575954192,72.91484533069622,2026-09-15,17:23:00
USER_001,19.03142379259204,72.87657766199666,2026-09-15,19:22:00
USER_001,19.099985525594732,72.86252135044693,2026-09-15,22:13:00
USER_001,19.094168694422866,72.8898845853161,2026-09-15,12:08:00
USER_001,19.033935607407283,72.90349302367993,2026-09-15,9:25:00
USER_001,19.07256901823027,72.83716792858483,2026-09-15,10:10:00
USER_001,19.102258387591167,72.87296616786551,2026-09-15,15:35:00
USER_001,19.069809075351102,72.82671753999158,2026-09-15,10:24:00
USER_001,19.06974648939799,72.89202025816323,2026-09-15,15:21:00
USER_001,19.03368856300688,72.91000186418482,2026-09-15,11:26:00
USER_001,19.07974131021703,72.88005168604337,2026-09-15,12:09:00
USER_001,19.111441194592498,72.8618770524892,2026-09-15,19:01:00
USER_001,19.03662833687561,72.89380336164264,2026-09-15,9:50:00
USER_001,19.04453491096813,72.8589295614042,2026-09-15,13:10:00
USER_001,19.055567271646495,72.89190459051844,2026-09-15,12:39:00
USER_001,19.07664046402969,72.86760504021991,2026-09-15,20:23:00
USER_001,19.113682973932477,72.89325720972103,2026-09-15,6:57:00
USER_001,19.023118313506128,72.84622640442998,2026-09-15,8:51:00
USER_001,19.025142581348426,72.86963662472013,2026-09-15,18:42:00
USER_001,19.053424389081698,72.89709122037459,2026-09-15,14:08:00
USER_001,19.055154016113423,72.86127935506067,2026-09-15,16:39:00
USER_001,19.063482733860376,72.84464020332392,2026-09-15,8:49:00
USER_001,19.099941587896897,72.88946964708545,2026-09-15,11:33:00
USER_001,19.030309374601377,72.85145965568094,2026-09-15,22:16:00
USER_001,19.11502373538208,72.8646005772958,2026-09-15,20:11:00
USER_001,19.074190094737837,72.90729458358764,2026-09-15,13:30:00
USER_001,19.100656114786144,72.88587833667107,2026-09-15,21:05:00
USER_001,19.118057680017998,72.9103363812636,2026-09-15,17:14:00
USER_001,19.08931752114569,72.82515958066587,2026-09-15,20:31:00
USER_001,19.09055751725157,72.91252483174158,2026-09-15,12:13:00
USER_001,19.032052257878647,72.89310236714583,2026-09-15,21:07:00
USER_001,19.117105824516536,72.91442664891134,2026-09-15,12:34:00
USER_001,19.051910047324327,72.90289154741507,2026-09-15,22:13:00
USER_001,19.079626987848204,72.84300088372878,2026-09-15,18:33:00
USER_001,19.108499835652328,72.8730265132635,2026-09-15,17:38:00
USER_001,19.051529033783062,72.87394912923754,2026-09-15,18:17:00
USER_001,19.072016810987872,72.8626817056655,2026-09-15,17:01:00
USER_001,19.022440078155654,72.9070098873901,2026-09-15,18:12:00
USER_001,19.058396388991973,72.91325899094252,2026-09-15,12:45:00
USER_001,19.05507118154517,72.89671882889311,2026-09-15,17:56:00
USER_001,19.078075720722733,72.84716869710691,2026-09-15,15:29:00
USER_001,19.061776678216734,72.86213570022771,2026-09-15,10:00:00
USER_001,19.04387771457683,72.83104741131315,2026-09-15,19:55:00
USER_001,19.04872389916541,72.8496308120456,2026-09-15,10:24:00
USER_001,19.04772656456968,72.91103391020576,2026-09-15,20:08:00
USER_001,19.030946759867913,72.85916301405403,2026-09-15,9:11:00
USER_001,19.115641569755944,72.89979893221434,2026-09-15,10:42:00
USER_001,19.078855422897323,72.91823305150801,2026-09-15,19:23:00
USER_001,19.066740151124986,72.88134113892107,2026-09-15,12:51:00
USER_001,19.02649864094829,72.86015802364255,2026-09-15,18:45:00
USER_001,19.043066981171776,72.83765280320056,2026-09-15,14:48:00
USER_001,19.115727026298334,72.9026205695794,2026-09-15,10:04:00
USER_001,19.082977792299616,72.84163240230366,2026-09-15,14:34:00
USER_001,19.079727407243034,72.87250315008603,2026-09-15,15:34:00
USER_001,19.095823847570408,72.88960206180538,2026-09-15,8:31:00
USER_001,19.066338074821562,72.88229373829351,2026-09-15,20:24:00
USER_001,19.07929399348417,72.87800862078379,2026-09-15,7:10:00
USER_001,19.107746086263038,72.84656000425888,2026-09-15,14:02:00
USER_001,19.115565149822977,72.90621276172655,2026-09-15,14:14:00
USER_001,19.0855241980639,72.87508573706091,2026-09-15,7:23:00
USER_001,19.04526490939609,72.82050821398181,2026-09-15,10:47:00
USER_001,19.069587573507878,72.82810462159077,2026-09-15,21:12:00
USER_001,19.109447993096808,72.9191475335145,2026-09-15,13:44:00
USER_001,19.068058657732664,72.87924077846596,2026-09-15,8:55:00
USER_001,19.086211201010656,72.87437789079975,2026-09-15,18:44:00
USER_001,19.09339099189537,72.87212603121804,2026-09-15,21:39:00
USER_001,19.044528553225533,72.83573406597026,2026-09-15,21:40:00
USER_001,19.053400887874524,72.84386900313011,2026-09-15,15:35:00
USER_001,19.08186113782152,72.89527166395577,2026-09-15,12:04:00
USER_001,19.108087075919894,72.90718435277452,2026-09-15,15:09:00
USER_001,19.10199469174081,72.8428625161525,2026-09-15,12:30:00
USER_001,19.02011201114801,72.87561817350398,2026-09-15,18:28:00
USER_001,19.04586883306979,72.83931328645873,2026-09-15,18:45:00
USER_001,19.05264335765033,72.87598443123089,2026-09-15,13:30:00
USER_001,19.05766953619868,72.82090724046527,2026-09-15,18:34:00
USER_001,19.03284487180932,72.84833429482656,2026-09-15,12:09:00
USER_001,19.06322407838925,72.90401215027413,2026-09-15,20:29:00
USER_001,19.095369883405052,72.89888069818709,2026-09-15,9:49:00
USER_001,19.114729788825635,72.83663775869323,2026-09-15,17:21:00
USER_001,19.090857200460263,72.86735738884352,2026-09-15,19:46:00
USER_001,19.11688778552857,72.89496518317429,2026-09-15,8:51:00
USER_001,19.095826319592902,72.82245869164589,2026-09-15,16:32:00
USER_001,19.052361021914955,72.86886431904047,2026-09-15,16:57:00
USER_001,19.020102947984565,72.83589382832768,2026-09-15,7:28:00
USER_001,19.11443036349578,72.83021936196937,2026-09-15,14:38:00
USER_001,19.072702409621186,72.90259207657999,2026-09-15,16:51:00
USER_001,19.10399471646725,72.89728227800168,2026-09-15,16:26:00
USER_001,19.10680543225323,72.91632366534402,2026-09-15,20:15:00
USER_001,19.10573600920925,72.91645204722703,2026-09-15,10:02:00
USER_001,19.051195199049513,72.85207427404382,2026-09-15,11:14:00
USER_001,19.094583701203096,72.84003591435487,2026-09-15,22:24:00
USER_001,19.091492404020226,72.87627502863434,2026-09-15,17:15:00
USER_001,19.074323280578994,72.83592457382792,2026-09-15,22:28:00
USER_001,19.097659685279176,72.89709218446441,2026-09-15,19:49:00
USER_001,19.0961023990943,72.88262203216314,2026-09-15,17:52:00
USER_001,19.11118360349599,72.91675112636138,2026-09-15,19:14:00
USER_001,19.068152235151256,72.83173081889625,2026-09-15,22:43:00
USER_001,19.044753995560338,72.87584126725832,2026-09-15,21:56:00
USER_001,19.03608254690782,72.88515194668022,2026-09-15,7:23:00
USER_001,19.063324674897167,72.9184351407403,2026-09-15,22:07:00
USER_001,19.06645985966358,72.88804566263593,2026-09-15,19:46:00
USER_001,19.08000205481193,72.84916625787093,2026-09-15,18:24:00
USER_001,19.106012239718922,72.89798509888934,2026-09-15,13:10:00
USER_001,19.068050694725784,72.83049301784182,2026-09-15,22:11:00
USER_001,19.118666259326716,72.83424955429015,2026-09-15,21:53:00
USER_001,19.08181557343181,72.89024649705442,2026-09-15,15:39:00
USER_001,19.02097708474192,72.8526461308244,2026-09-15,7:32:00
USER_001,19.028786649914483,72.85506269312093,2026-09-15,6:12:00
USER_001,19.027857849715502,72.85969232762017,2026-09-15,7:37:00
USER_001,19.076754084826156,72.88894649691373,2026-09-15,20:33:00
USER_001,19.024118349527928,72.88703854583545,2026-09-15,13:10:00
USER_001,19.032421996672806,72.9096221302685,2026-09-15,14:05:00
USER_001,19.08166045818625,72.88129441748657,2026-09-15,14:49:00
USER_001,19.113520181529946,72.9147350462631,2026-09-15,20:58:00
USER_001,19.068439844757403,72.88608201182993,2026-09-15,21:03:00
USER_001,19.079747586263192,72.8983832553419,2026-09-15,8:40:00
USER_001,19.03639994809895,72.86386072164896,2026-09-15,17:22:00
USER_001,19.085029418587347,72.86792789285764,2026-09-15,19:35:00
USER_001,19.094427906559496,72.90718327789732,2026-09-15,17:17:00
USER_001,19.022086113929156,72.88532630192374,2026-09-15,10:31:00
USER_001,19.074247863571937,72.86932768467838,2026-09-15,15:50:00
USER_001,19.08802282424313,72.82721984089792,2026-09-15,20:32:00
USER_001,19.104045240627695,72.83741933365783,2026-09-15,10:03:00
USER_001,19.093535029866576,72.89677238880668,2026-09-15,22:50:00
USER_001,19.07786754085724,72.86386154191896,2026-09-15,7:35:00
USER_001,19.107342323808165,72.91007018640113,2026-09-15,11:38:00
USER_001,19.047682779723505,72.87923503285934,2026-09-15,17:02:00
USER_001,19.08229665835635,72.88315602200926,2026-09-15,20:32:00
USER_001,19.033156768512725,72.89158249646822,2026-09-15,21:29:00
USER_001,19.037968310887024,72.8437543324924,2026-09-15,19:01:00
USER_001,19.03809769527095,72.90543850933696,2026-09-15,18:40:00
USER_001,19.04472310744032,72.90707499012726,2026-09-15,20:13:00
USER_001,19.071481735392968,72.85592333693998,2026-09-15,7:38:00
USER_001,19.036352387258503,72.85910815366518,2026-09-15,7:34:00
USER_001,19.08567366645413,72.85251900642247,2026-09-15,13:11:00
USER_001,19.033087366071836,72.91698210450785,2026-09-15,20:30:00
USER_001,19.043605046334648,72.827349674733,2026-09-15,19:15:00
USER_001,19.0719773948556,72.85370031764313,2026-09-15,14:00:00
USER_001,19.064943383521374,72.87878843711104,2026-09-15,17:00:00
USER_001,19.04525277820754,72.85592507479163,2026-09-15,16:36:00
USER_001,19.055673205304,72.87335119252998,2026-09-15,22:48:00
USER_001,19.090538559411222,72.86463686465126,2026-09-15,20:14:00
USER_001,19.075814024959385,72.87399058395023,2026-09-15,19:01:00
USER_001,19.032297080852963,72.84311309124277,2026-09-15,6:54:00
USER_001,19.042470117697267,72.83800104374728,2026-09-15,10:32:00
USER_001,19.07072348086884,72.82415728590505,2026-09-15,15:19:00
USER_001,19.118663012295887,72.91651186964361,2026-09-15,16:33:00
USER_001,19.05231306570703,72.91730977480704,2026-09-15,12:30:00
USER_001,19.04542245798975,72.87217300466362,2026-09-15,17:37:00
USER_001,19.033965125475632,72.82299735898727,2026-09-15,18:51:00
USER_001,19.090468076273666,72.8401853452123,2026-09-15,13:49:00
USER_001,19.03883490837656,72.89308294748709,2026-09-15,11:04:00
USER_001,19.11633468328204,72.84553065247285,2026-09-15,6:54:00
USER_001,19.117863128740055,72.85742967671398,2026-09-15,22:25:00
USER_001,19.10689049844787,72.87706097466389,2026-09-15,17:26:00
USER_001,19.113094869550697,72.88895267510316,2026-09-15,6:00:00
USER_001,19.041567515239773,72.88588854702327,2026-09-15,21:04:00
USER_001,19.077718523671177,72.8548573667242,2026-09-15,7:49:00
USER_001,19.080495392269054,72.85181115536182,2026-09-15,6:40:00
USER_001,19.119333693735864,72.89524277626157,2026-09-15,18:30:00
USER_001,19.093844920925132,72.90785155613014,2026-09-15,11:45:00
USER_001,19.11256748308807,72.8638172346412,2026-09-15,7:17:00
USER_001,19.107789115904133,72.85171957167654,2026-09-15,18:10:00
USER_001,19.057567225188173,72.84968692745603,2026-09-15,12:24:00
USER_001,19.052838122788508,72.88302087483292,2026-09-15,12:14:00
USER_001,19.089546720668988,72.85885581012704,2026-09-15,6:48:00
USER_001,19.07456868884955,72.86444194527512,2026-09-15,11:25:00
USER_001,19.078706170770115,72.83684443851428,2026-09-15,19:09:00
USER_001,19.095934432792287,72.87004453091308,2026-09-15,13:47:00
USER_001,19.10471673613726,72.91142365159516,2026-09-15,17:04:00
USER_001,19.05988227808969,72.87801723692274,2026-09-15,17:35:00
USER_001,19.080790509279346,72.89648832615421,2026-09-15,11:45:00
USER_001,19.09181230762265,72.9155523695955,2026-09-15,18:20:00
USER_001,19.039577798568356,72.82075628749782,2026-09-15,20:52:00
USER_001,19.109803054895,72.84434822965764,2026-09-15,16:50:00
USER_001,19.026026739028957,72.91344360268056,2026-09-15,7:13:00
USER_001,19.068587175918633,72.84567765677205,2026-09-15,19:26:00
USER_001,19.1129605877422,72.8732260213339,2026-09-15,13:15:00
USER_001,19.028962633915494,72.89176357859087,2026-09-15,7:48:00
USER_001,19.117672523866258,72.90231740155957,2026-09-15,16:06:00
USER_001,19.0881117853965,72.83814383476957,2026-09-15,18:30:00
USER_001,19.090904626172243,72.83068769230948,2026-09-15,15:41:00
USER_001,19.111775248917137,72.86245274251964,2026-09-15,12:53:00
USER_001,19.075022654215626,72.82434125328548,2026-09-15,15:46:00
USER_001,19.115140334220666,72.88016118201463,2026-09-15,14:25:00
USER_001,19.04120448399082,72.8810980988851,2026-09-15,15:07:00
USER_001,19.09699447002517,72.87566370579367,2026-09-15,10:03:00
USER_001,19.047480603554813,72.90226143185137,2026-09-15,12:09:00
USER_001,19.100952997576844,72.89666561352004,2026-09-15,15:32:00
USER_001,19.06239448129133,72.83529838008286,2026-09-15,22:34:00
USER_001,19.106925962465105,72.86728919656332,2026-09-15,22:21:00
USER_001,19.022363858604635,72.88419715004433,2026-09-15,12:31:00
USER_001,19.0837960793316,72.84568838476457,2026-09-15,18:56:00
USER_001,19.069676685885916,72.9187785520215,2026-09-15,8:06:00
USER_001,19.08951445540476,72.86043187681044,2026-09-15,12:40:00
USER_001,19.08924361513244,72.91912559937022,2026-09-15,19:18:00
USER_001,19.08032194102134,72.85372271327554,2026-09-15,12:44:00
USER_001,19.0279419368989,72.82856582495965,2026-09-15,6:35:00
USER_001,19.039186732471876,72.85233715621156,2026-09-15,11:40:00
USER_001,19.081715578339566,72.86424099364807,2026-09-15,7:59:00
USER_001,19.100035650782235,72.84337120819104,2026-09-15,13:37:00
USER_001,19.079281199165344,72.88801319311035,2026-09-15,17:57:00
USER_001,19.05330019130582,72.88694869551982,2026-09-15,17:01:00
USER_001,19.0562944271846,72.91954804907043,2026-09-15,13:21:00
USER_001,19.07622968158779,72.91576252845054,2026-09-15,18:28:00
USER_001,19.089000489082068,72.84009336886591,2026-09-15,21:41:00
USER_001,19.029667644964672,72.86503709362583,2026-09-15,21:11:00
USER_001,19.0547571524239,72.88649117244873,2026-09-15,8:15:00
USER_001,19.058252628024402,72.83198290020177,2026-09-15,13:53:00
USER_001,19.119248350215837,72.91270009679243,2026-09-15,17:00:00
USER_001,19.10420332943764,72.87209579772721,2026-09-15,11:21:00
USER_001,19.028912443211603,72.89552704204968,2026-09-15,6:52:00
USER_001,19.102606763025253,72.89820280876704,2026-09-15,7:13:00
USER_001,19.031764902847357,72.84273573000961,2026-09-15,18:01:00
USER_001,19.058090952551098,72.8546321768589,2026-09-15,14:00:00
USER_001,19.050552431065803,72.85969815170743,2026-09-15,9:17:00
USER_001,19.07156794276965,72.91193919732144,2026-09-15,16:14:00
USER_001,19.11921580148233,72.90514249577451,2026-09-15,15:11:00
USER_001,19.113059521464393,72.83163663978856,2026-09-15,18:34:00
USER_001,19.087430380640907,72.87324811925595,2026-09-15,19:05:00
USER_001,19.03412780492755,72.84119824909023,2026-09-15,19:08:00
USER_001,19.052252797784643,72.82228938249762,2026-09-15,7:34:00
USER_001,19.05460997265378,72.917561020086,2026-09-15,15:24:00
USER_001,19.077516335049662,72.8679354440138,2026-09-15,6:35:00
USER_001,19.080637094443336,72.83391980246176,2026-09-15,21:53:00
USER_001,19.10293324051413,72.85175314478768,2026-09-15,8:40:00
USER_001,19.102520076741555,72.88663068858351,2026-09-15,7:07:00
USER_001,19.067823402304807,72.87061075548468,2026-09-15,20:03:00
USER_001,19.02799653943593,72.89767236304718,2026-09-15,18:30:00
USER_001,19.070614186284025,72.8639511688633,2026-09-15,11:31:00
USER_001,19.04160381825096,72.8819587954898,2026-09-15,10:18:00
USER_001,19.039178245559185,72.84117553506655,2026-09-15,16:49:00
USER_001,19.025778056099636,72.88950352288586,2026-09-15,14:22:00
USER_001,19.043918010421592,72.83422493686872,2026-09-15,14:27:00
USER_001,19.05032751475676,72.83010458110107,2026-09-15,21:15:00
USER_001,19.026229179813008,72.87094221281498,2026-09-15,12:39:00
USER_001,19.101397026950604,72.8815219438231,2026-09-15,9:59:00
USER_001,19.10480158852494,72.89243174696767,2026-09-15,10:51:00
USER_001,19.06047984290852,72.8854075795372,2026-09-15,8:06:00
